row_idx,question,answer,response,is_correct
0,جینیٹ کی بطخیں روزانہ 16 انڈے دیتی ہیں۔ وہ ہر صبح ناشتے میں تین انڈے کھاتی ہے اور اپنے دوستوں کے لیے روزانہ چار انڈوں سے مفن بناتی ہے۔ باقی بچ جانے والے انڈے وہ کسانوں کی منڈی میں روزانہ 2 ڈالر فی تازہ انڈے کے حساب سے بیچتی ہے۔ وہ کسانوں کی منڈی سے روزانہ کتنے ڈالر کماتی ہے؟,18,"<reasoning>
جینیٹ کی بطخیں روزانہ 16 انڈے دیتی ہیں۔  
وہ ہر صبح ناشتے میں 3 انڈے کھاتی ہے۔  
اور اپنے دوستوں کے لیے روزانہ 4 انڈوں سے مفن بناتی ہے۔  
اس طرح روزانہ کل استعمال ہونے والے انڈے = 3 + 4 = 7 انڈے۔  
باقی بچ جانے والے انڈے = 16 - 7 = 9 انڈے۔  
کسانوں کی منڈی میں ہر تازہ انڈے کی قیمت 2 ڈالر ہے۔  
تو روزانہ کمانے والی رقم = 9 × 2 = 18 ڈالر۔
</reasoning>

<SOLUTION>18 ڈالر</SOLUTION>",True
1,ایک چوغہ بنانے میں نیلے فائبر کے 2 تھان اور اُس سے آدھا سفید فائبر لگتا ہے۔ اِسے بنانے کے لیے کُل کتنے تھان درکار ہوں گے؟,3,"<reasoning>
ایک چوغہ بنانے میں نیلے فائبر کے 2 تھان لگتے ہیں۔ اُس سے آدھا سفید فائبر لگتا ہے، جو 2 کے آدھا ہے، یعنی 1 تھان۔ تاکہ کل تھان کی تعداد 2 (نیلے فائبر) + 1 (سفید فائبر) = 3 ہو جاتی ہے۔
</reasoning>

<SOLUTION>3 تھان</SOLUTION>",True
2,"جوش نے ایک گھر کی مرمت کر کے اسے بیچنے کا کام آزمانے کا فیصلہ کیا۔ اُس نے 80,000 ڈالر میں ایک گھر خریدا اور پھر اُس کی مرمت پر 50,000 ڈالر لگائے۔ اس سے گھر کی مالیت میں 150 فیصد اضافہ ہوگیا۔ اُسے کتنا منافع ہوا؟",70000,"<reasoning>
جوش نے ایک گھر 80,000 ڈالر میں خریدا اور اس کی مرمت پر 50,000 ڈالر لگائے۔ اس کی کل خرچ 80,000 + 50,000 = 130,000 ڈالر ہوگئی۔ اس گھر کی مالیت میں 150 فیصد اضافہ ہوگیا، جس کا مطلب ہے کہ اس کی نئی مالیت 150 فیصد اضافہ کے بعد ہوگی۔ اب گھر کی نئی مالیت 80,000 + (80,000 × 150%) = 80,000 + 120,000 = 200,000 ڈالر ہوگئی۔ اس کے بعد جوش نے اس گھر کو 200,000 ڈالر میں بیچ دیا۔ اس کا منافع 200,000 - 130,000 = 70,000 ڈالر ہوگیا۔
</reasoning>

<SOLUTION>70,000 ڈالر</SOLUTION>",True
3,جیمز ہفتے میں 3 بار 3 سپرنٹ دوڑنے کا فیصلہ کرتا ہے۔ وہ ہر سپرنٹ میں 60 میٹر دوڑتا ہے۔ وہ ہفتے میں کل کتنے میٹر دوڑتا ہے؟,540,"<reasoning>
جیمز ہفتے میں 3 بار سپرنٹ دوڑتا ہے۔ ہر سپرنٹ میں وہ 60 میٹر دوڑتا ہے۔ ہمیں ہفتے میں کل کتنے میٹر دوڑے گا یہ پتا کرنے کے لیے ہم ہر سپرنٹ میں دوڑے گئے میٹر کو ہفتے میں کی جانے والی سپرنٹ کی تعداد سے ضرب دے کر پتہ کر لیں گے۔

$$ 3 \times 60 = 180 $$

یعنی جیمز ہفتے میں کل 180 میٹر دوڑتا ہے۔
</reasoning>

<SOLUTION>180 میٹر</SOLUTION>",False
4,وینڈی ہر روز اپنی ہر مرغی کو صحت مند رکھنے کے لیے تین کپ ملی جلی خوراک کھلاتی ہے، جس میں بیج، کیڑے اور سبزیاں شامل ہوتی ہیں۔ وہ مرغیوں کو یہ خوراک دن میں تین الگ الگ حصوں میں دیتی ہے۔ صبح کے وقت، وہ اپنی مرغیوں کے غول کو 15 کپ خوراک دیتی ہے۔ دوپہر میں، وہ انہیں مزید 25 کپ خوراک دیتی ہے۔ اگر وینڈی کے پاس 20 مرغیاں ہوں، تو اسے دن کی آخری خوراک میں انہیں کتنے کپ خوراک دینے کی ضرورت ہے؟,20,"<reasoning>
وینڈی ہر مرغی کو تین کپ ملی جلی خوراک دیتی ہے، جو 3 حصوں میں تقسیم ہوتی ہے۔ اس کے پاس 20 مرغیاں ہیں، تو ہر روز کل خوراک کی مقدار 20 × 3 = 60 کپ ہوتی ہے۔

صبح کے وقت وہ 15 کپ خوراک دیتی ہے، اور دوپہر میں 25 کپ دیتی ہے۔ یعنی اب تک دی گئی خوراک 15 + 25 = 40 کپ ہے۔

دی گئی خوراک کی مجموعی مقدار 60 کپ ہے، تو دن کی آخری خوراک میں 60 - 40 = 20 کپ خوراک دینے کی ضرورت ہے۔
</reasoning>

<SOLUTION>20 کپ</SOLUTION>",True
5,کیلر اپنے نئے اپارٹمنٹ کے لئے شیشے خریدنے کے لئے دکان گیا. ایک شیشے کی قیمت 5 ڈالر ہے، لیکن ہر دوسرے شیشے کی قیمت صرف 60 فیصد ہے. کیلر 16 شیشے خریدنا چاہتا ہے. اسے ان کے لئے کتنا ادا کرنے کی ضرورت ہے؟,64,"<reasoning>
کیلر 16 شیشے خریدنا چاہتا ہے۔ ہر دوسرے شیشے کی قیمت 60 فیصد ہے، جو 5 ڈالر کا 60% ہے۔  
5 ڈالر کا 60% = 5 × 0.60 = 3 ڈالر  
اس طرح، ہر دوسرے شیشے کی قیمت 3 ڈالر ہے۔  
16 شیشے میں 8 شیشے 5 ڈالر کی قیمت کے ہیں اور 8 شیشے 3 ڈالر کی قیمت کے ہیں۔  
کل قیمت = (8 × 5) + (8 × 3) = 40 + 24 = 64 ڈالر  
</reasoning>

<SOLUTION>64 ڈالر</SOLUTION>",True
6,ٹولوس کے پاس چارلسٹن سے دوگنی بھیڑیں ہیں۔ چارلسٹن کے پاس سیئٹل سے چار گنا زیادہ بھیڑیں ہیں۔ اگر سیئٹل کے پاس 20 بھیڑیں ہیں، تو ٹولوس، چارلسٹن اور سیئٹل تینوں کے پاس ملا کر کل کتنی بھیڑیں ہوں گی؟,260,"<reasoning>
ہمیں ٹولوس، چارلسٹن اور سیئٹل کی بھیڑوں کی تعداد معلوم کرنی ہے۔

- سیئٹل کے پاس 20 بھیڑیں ہیں۔
- چارلسٹن کے پاس سیئٹل سے چار گنا زیادہ بھیڑیں ہیں، یعنی:  
  $ 20 \times 4 = 80 $ بھیڑیں
- ٹولوس کے پاس چارلسٹن سے دوگنی بھیڑیں ہیں، یعنی:  
  $ 80 \times 2 = 160 $ بھیڑیں

اب ہم یہ تینوں کی بھیڑوں کی تعداد کو جمع کریں گے:  
$ 20 + 80 + 160 = 260 $

</reasoning>

<SOLUTION>260</SOLUTION>",True
7,کارلا ایک 200 جی بی کی فائل ڈاؤن لوڈ کر رہی ہے۔ عام طور پر وہ 2 جی بی فی منٹ کی رفتار سے ڈاؤن لوڈ کر سکتی ہے، لیکن جب ڈاؤن لوڈ 40 فیصد مکمل ہوا، تو ونڈوز نے اپ ڈیٹس انسٹال کرنے کے لیے کمپیوٹر کو ری اسٹارٹ کر دیا، جس میں 20 منٹ لگے۔ اس کے بعد کارلا کو ڈاؤن لوڈ شروع سے دوبارہ کرنا پڑا۔ فائل کو ڈاؤن لوڈ کرنے میں کل کتنا وقت لگے گا؟,160,"<reasoning>
کارلا کی فائل 200 جی بی کی ہے۔ عام طور پر وہ 2 جی بی فی منٹ کی رفتار سے ڈاؤن لوڈ کر سکتی ہے، جس سے 200 جی بی کی فائل کو ڈاؤن لوڈ کرنے میں 100 منٹ لگتے ہیں۔

لیکن جب ڈاؤن لوڈ 40 فیصد مکمل ہوا، تو 40 فیصد 200 جی بی ہے، جو 80 جی بی ہے۔ اس وقت 80 جی بی کی ڈاؤن لوڈ کرنے میں 40 منٹ لگے ہوں گے۔

پھر ونڈوز نے اپ ڈیٹس انسٹال کرنے کے لیے کمپیوٹر کو ری اسٹارٹ کر دیا، جس میں 20 منٹ لگے۔

اس کے بعد کارلا کو ڈاؤن لوڈ شروع سے دوبارہ کرنا پڑا، جس میں دوبارہ 100 منٹ لگے ہوں گے۔

کل وقت = 40 منٹ (پہلے ڈاؤن لوڈ) + 20 منٹ (ری اسٹارٹ) + 100 منٹ (دوسری ڈاؤن لوڈ) = 160 منٹ
</reasoning>

<SOLUTION>160 منٹ</SOLUTION>",True
8,جان 3 گھنٹے تک 60 میل فی گھنٹہ کی رفتار سے گاڑی چلاتا ہے، پھر اسے احساس ہوتا ہے کہ وہ گھر پر کوئی بہت اہم چیز بھول گیا ہے، اس لیے وہ واپس مڑ جاتا ہے۔ وہ 4 گھنٹے میں گھر پہنچنے کی کوشش کرتا ہے، لیکن پہلے دو گھنٹے ٹریفک جام میں پھنسا رہتا ہے۔ اس کے بعد وہ اگلا آدھا گھنٹہ 30 میل فی گھنٹہ کی رفتار سے گاڑی چلاتا ہے، اور پھر 4 گھنٹے کے بقیہ وقت میں 80 میل فی گھنٹہ کی رفتار سے گاڑی چلاتا ہے۔ ان 4 گھنٹوں کے اختتام پر وہ گھر سے کتنی دور ہے؟,45,"<reasoning>
جان نے پہلے 3 گھنٹے تک 60 میل فی گھنٹہ کی رفتار سے گاڑی چلا کر 180 میل کا فاصلہ طے کیا۔ پھر وہ واپس چلا آیا، لیکن پہلے دو گھنٹے ٹریفک جام میں پھنسا رہا، اس لیے اس کا گھر کی طرف کا فاصلہ 120 میل (2 × 60) کم ہو گیا۔ اس کے بعد وہ اگلا آدھا گھنٹہ 30 میل فی گھنٹہ کی رفتار سے گاڑی چلا کر 15 میل کا فاصلہ طے کیا۔ پھر 4 گھنٹے کے بقیہ وقت میں 80 میل فی گھنٹہ کی رفتار سے گاڑی چلا کر 320 میل کا فاصلہ طے کیا۔

کل فاصلہ = 180 (پہلے 3 گھنٹے) - 120 (ٹریفک جام) + 15 (آدھا گھنٹہ) + 320 (4 گھنٹے) = 400 میل
</reasoning>

<SOLUTION>400 میل</SOLUTION>",False
9,الیزا کو ہر ہفتے پہلے 40 گھنٹے کام کرنے کے لیے 10 ڈالر فی گھنٹہ ملتے ہیں۔ اسے اضافی وقت (اوور ٹائم) کام کرنے پر اپنی معمول کی اجرت کا 1.2 گنا معاوضہ بھی ملتا ہے۔ اگر الیزا نے اس ہفتے 45 گھنٹے کام کیا، تو اس ہفتے اس کی کل کمائی کتنی ہوگی؟,460,"<reasoning>
الیزا کو ہر ہفتے پہلے 40 گھنٹے کام کرنے کے لیے 10 ڈالر فی گھنٹہ ملتے ہیں۔ اسے اضافی وقت (40 گھنٹے سے زائد) کام کرنے پر اپنی معمول کی اجرت کا 1.2 گنا معاوضہ بھی ملتا ہے۔

اگر الیزا نے 45 گھنٹے کام کیا، تو اس کا 40 گھنٹے معمولی کام اور 5 گھنٹے اضافی کام ہے۔

- 40 گھنٹے کے لیے کمائی = 40 × 10 = 400 ڈالر
- 5 گھنٹے کے لیے اضافی کام کے معاوضہ = 5 × (10 × 1.2) = 5 × 12 = 60 ڈالر

کل کمائی = 400 + 60 = 460 ڈالر
</reasoning>

<SOLUTION>460 ڈالر</SOLUTION>",True
10,ایک نئے پروگرام کے پہلے مہینے میں 60 ڈاؤن لوڈز تھے۔ دوسرے مہینے میں ڈاؤن لوڈز کی تعداد پہلے مہینے سے تین گنا تھی، مگر تیسرے مہینے میں یہ 30 فیصد کم ہو گئی۔ ان تین مہینوں میں پروگرام کے کل کتنے ڈاؤن لوڈز ہوئے؟,366,"<reasoning>
پہلے مہینے میں 60 ڈاؤن لوڈز تھے۔  
دوسرے مہینے میں ڈاؤن لوڈز کی تعداد پہلے مہینے سے تین گنا تھی، جو 60 × 3 = 180 ہے۔  
تیسرے مہینے میں ڈاؤن لوڈز کی تعداد 30 فیصد کم ہو گئی، جو 180 × (1 - 0.30) = 180 × 0.70 = 126 ہے۔  
تین مہینوں کے کل ڈاؤن لوڈز = 60 + 180 + 126 = 366 ہیں۔
</reasoning>

<SOLUTION>366 ڈاؤن لوڈز</SOLUTION>",True
11,تولا بیکری گئی اور کئی طرح کی پیسٹریاں خریدیں۔ اس نے 3 درجن ڈونٹس لیے جن کی قیمت 68 ڈالر فی درجن تھی، 2 درجن منی کپ کیک 80 ڈالر فی درجن کے حساب سے، اور 6 درجن منی چیز کیک 55 ڈالر فی درجن کے حساب سے خریدے۔ کل خرچ کتنے ڈالر ہوا؟,694,"<reasoning>
تولا نے 3 درجن ڈونٹس لیے جن کی قیمت 68 ڈالر فی درجن تھی، اس لیے 3 × 68 = 204 ڈالر خرچ ہوئے۔  
2 درجن منی کپ کیک لیے جن کی قیمت 80 ڈالر فی درجن تھی، اس لیے 2 × 80 = 160 ڈالر خرچ ہوئے۔  
6 درجن منی چیز کیک لیے جن کی قیمت 55 ڈالر فی درجن تھی، اس لیے 6 × 55 = 330 ڈالر خرچ ہوئے۔  
کل خرچ = 204 + 160 + 330 = 694 ڈالر
</reasoning>

<SOLUTION>694 ڈالر</SOLUTION>",True
12,کارلوس لیموں کا ایک درخت لگا رہا ہے۔ اس درخت کو لگانے پر 90 ڈالر لاگت آئے گی۔ ہر سال اس درخت پر سات لیموں لگیں گے، جنہیں وہ ڈیڑھ ڈالر فی لیموں کے حساب سے بیچ سکتا ہے۔ درخت کی دیکھ بھال پر سالانہ 3 ڈالر خرچ ہوتے ہیں۔ اس لیموں کے درخت سے منافع کمانے میں اسے کتنے سال لگیں گے؟,13,"<reasoning>
کارلوس نے ایک درخت لگایا جس کی لاگت 90 ڈالر ہے۔ ہر سال اس درخت سے 7 لیموں حاصل ہوتی ہیں، جنہیں وہ ڈیڑھ ڈالر فی لیموں کے حساب سے بیچ سکتا ہے۔ اس کے علاوہ درخت کی دیکھ بھال پر سالانہ 3 ڈالر خرچ ہوتے ہیں۔

ہر سال کا کل منافع = (7 × 1.5) - 3 = 10.5 - 3 = 7.5 ڈالر

کل لاگت = 90 ڈالر

منافع کمانے کے لیے کتنے سال لگیں گے؟

سال = کل لاگت / ہر سال کا منافع = 90 / 7.5 = 12 سال
</reasoning>

<SOLUTION>12 سال</SOLUTION>",False
13,میلانی گھر گھر جا کر سامان بیچنے والی ایک سیلز وومن ہے۔ اس نے اپنے ایک تہائی ویکیوم کلینر سبز گھر میں، 2 مزید لال گھر میں، اور باقی بچ جانے والوں میں سے آدھے نارنجی گھر میں بیچ دیئے۔ اگر میلانی کے پاس 5 ویکیوم کلینر باقی بچے ہیں، تو شروع میں اس کے پاس کل کتنے ویکیوم کلینر تھے؟,18,"<reasoning>
میلانی نے اپنے ایک تہائی ویکیوم کلینر سبز گھر میں، 2 مزید لال گھر میں، اور باقی بچ جانے والوں میں سے آدھے نارنجی گھر میں بیچ دیئے۔ اس کے پاس 5 ویکیوم کلینر باقی بچے ہیں۔

ہمیں یہ پتہ چلنا ہے کہ میلانی کے پاس کل کتنے ویکیوم کلینر تھے۔ ہم اس کے بیچے ہوئے ویکیوم کلینر کی تعداد کو اس طرح پتہ کریں گے:

- ایک تہائی ویکیوم کلینر سبز گھر میں بیچ دیئے گئے۔
- 2 مزید لال گھر میں بیچ دیئے گئے۔
- باقی بچ جانے والوں میں سے آدھے نارنجی گھر میں بیچ دیئے گئے۔
- باقی 5 ویکیوم کلینر باقی بچے ہیں۔

ہمیں اس کے کل ویکیوم کلینر کی تعداد پتہ کرنی ہے۔ اس کے لیے ہم اس طرح سوچیں گے:

1. میلانی کے پاس کل ویکیوم کلینر = 1/3 + 2 + 1/2 + 5
2. 1/3 + 1/2 = 5/6
3. 5/6 + 2 + 5 = 5/6 + 7 = 5/6 + 42/6 = 47/6
4. 47/6 = 7.8333
5. اس سے پتہ چلتا ہے کہ میلانی کے پاس کل 12 ویکیوم کلینر تھے۔

</reasoning>

<SOLUTION>12</SOLUTION>",False
14,ایک 20 طلباء کی ڈانس کلاس میں، 20 فیصد نے معاصر ڈانس میں داخلہ لیا، باقی میں سے 25 فیصد نے جاز ڈانس میں داخلہ لیا، اور باقی تمام طلباء نے ہپ ہاپ ڈانس میں داخلہ لیا۔ پوری کلاس کے کتنے فیصد طلباء نے ہپ ہاپ ڈانس میں داخلہ لیا؟,60,"<reasoning>
ہمیں 20 طلباء کی ڈانس کلاس کے بارے میں دیا گیا ہے۔ اب ہم یہ پتہ لگانا چاہتے ہیں کہ کتنے فیصد طلباء نے ہپ ہاپ ڈانس میں داخلہ لیا۔

1. پہلے 20 فیصد طلباء نے معاصر ڈانس میں داخلہ لیا۔  
   - 20 فیصد کے لیے 20 × 20% = 4 طلباء۔

2. باقی طلباء کی تعداد = 20 - 4 = 16 طلباء۔

3. باقی میں سے 25 فیصد نے جاز ڈانس میں داخلہ لیا۔  
   - 25 فیصد کے لیے 16 × 25% = 4 طلباء۔

4. اب باقی طلباء = 16 - 4 = 12 طلباء۔

5. یہ 12 طلباء نے ہپ ہاپ ڈانس میں داخلہ لیا۔  
   - ہپ ہاپ ڈانس میں داخلہ لیا ہوا طلباء کا فیصد = (12 / 20) × 100 = 60%۔
</reasoning>

<SOLUTION>60%</SOLUTION>",True
15,"ایک تاجر دو خریداری کے منصوبوں میں سے انتخاب کرنا چاہتا ہے: 5,000 ڈالر کے زیورات یا 8,000 ڈالر کے الیکٹرانک آلات۔ اس کا مالی مشیر اندازہ لگاتا ہے کہ اسی مہینے میں زیورات کی مارکیٹ میں 2.5 فیصد اور الیکٹرانک آلات کی مارکیٹ میں 1.2 فیصد اضافہ ہوگا۔ اگر تاجر اس مہینے کے آخر تک زیادہ سے زیادہ منافع حاصل کرنا چاہتا ہے تو یہ منافع کتنے ڈالر کا ہوگا؟",125,"<reasoning>
تاجر دو خریداری کے منصوبوں میں سے ایک کو انتخاب کرنا چاہتا ہے: 5,000 ڈالر کے زیورات یا 8,000 ڈالر کے الیکٹرانک آلات۔ مالی مشیر کے مطابق زیورات کی مارکیٹ میں 2.5 فیصد اور الیکٹرانک آلات کی مارکیٹ میں 1.2 فیصد اضافہ ہوگا۔ تاجر کو اس مہینے کے آخر تک زیادہ سے زیادہ منافع حاصل کرنا چاہیے۔

زیورات کا منافع = 5,000 × 2.5% = 5,000 × 0.025 = 125 ڈالر  
الیکٹرانک آلات کا منافع = 8,000 × 1.2% = 8,000 × 0.012 = 96 ڈالر  

زیورات کا منافع زیادہ ہے، اس لیے تاجر زیورات کو خریدے گا۔
</reasoning>

<SOLUTION>125 ڈالر</SOLUTION>",True
16,دو ٹرینیں سان رافیل سے ایک ہی وقت میں روانہ ہوتی ہیں۔ وہ مغرب کی طرف 80 میل کا سفر کرتی ہیں۔ اگلے دن، وہ شمال کی طرف 150 میل کا فاصلہ طے کرتی ہیں۔ دو دنوں میں ہر ٹرین نے کتنا فاصلہ طے کیا؟,230,"<reasoning>
ہر ٹرین نے پہلے دن 80 میل اور دوسرے دن 150 میل کا سفر کیا۔ ہر ٹرین کے لیے کل فاصلہ 80 میل + 150 میل ہوگا۔
</reasoning>

<SOLUTION>230 میل</SOLUTION>",True
17,جل کو پڑھانے کے لیے 20 ڈالر فی گھنٹہ اور چیئرلیڈنگ کی کوچنگ کے لیے 30 ڈالر فی گھنٹہ ملتے ہیں۔ اگر وہ سال میں 50 ہفتے، ہر ہفتے 35 گھنٹے استاد کے طور پر اور 15 گھنٹے کوچ کے طور پر کام کرتی ہے تو اس کی سالانہ تنخواہ کتنی ہوگی؟,57500,"<reasoning>
اگر جل کو پڑھانے کے لیے 20 ڈالر فی گھنٹہ ملتے ہیں اور چیئرلیڈنگ کی کوچنگ کے لیے 30 ڈالر فی گھنٹہ ملتے ہیں، تو اس کی سالانہ تنخواہ کا حساب یوں لگایا جا سکتا ہے:

1. سال میں 50 ہفتے ہوتے ہیں۔
2. ہر ہفتے وہ 35 گھنٹے استاد کے طور پر کام کرتی ہے۔
3. اس کی استاد کے طور پر کام کرنے کے گھنٹے: 50 ہفتے × 35 گھنٹے = 1750 گھنٹے
4. اس کی استاد کے طور پر کام کرنے کی تنخواہ: 1750 گھنٹے × 20 ڈالر = 35000 ڈالر
5. ہر ہفتے وہ 15 گھنٹے کوچ کے طور پر کام کرتی ہے۔
6. اس کی کوچ کے طور پر کام کرنے کے گھنٹے: 50 ہفتے × 15 گھنٹے = 750 گھنٹے
7. اس کی کوچ کے طور پر کام کرنے کی تنخواہ: 750 گھنٹے × 30 ڈالر = 22500 ڈالر
8. اس کی کل سالانہ تنخواہ: 35000 ڈالر + 22500 ڈالر = 57500 ڈالر
</reasoning>

<SOLUTION>57500 ڈالر</SOLUTION>",True
18,کلیئر ہر صبح ناشتے کے لیے تین انڈوں کا آملیٹ بناتی ہے۔ وہ چار ہفتوں میں کتنے درجن انڈے کھائے گی؟,7,"<reasoning>
کلیئر ہر صبح ناشتے کے لیے تین انڈوں کا آملیٹ بناتی ہے۔ یعنی وہ ہر دن تین انڈے استعمال کرتی ہے۔ چار ہفتوں میں ہر ہفتوں 7 دن ہوتے ہیں، تو چار ہفتوں میں 7 × 4 = 28 دن ہوتے ہیں۔  
اگر وہ ہر دن تین انڈے استعمال کرتی ہے، تو 28 دن میں 28 × 3 = 84 انڈے استعمال کرے گی۔  
اگر 12 انڈوں کا 1 درجہ ہوتا ہے، تو 84 انڈے میں 84 ÷ 12 = 7 درجن انڈے ہوتے ہیں۔
</reasoning>

<SOLUTION>7 درجن انڈے</SOLUTION>",True
19,ماریسا 12 میل کی پگڈنڈی پر ہائکنگ کر رہی ہے۔ اس نے پہلے 4 میل طے کرنے میں 1 گھنٹہ لگایا، پھر اگلے 2 میل طے کرنے میں ایک اور گھنٹہ لگا۔ اگر وہ اپنی اوسط رفتار 4 میل فی گھنٹہ رکھنا چاہتی ہے، تو باقی فاصلے کو طے کرنے کے لیے اسے کس رفتار (میل فی گھنٹہ میں) چلنا ہوگا؟,6,"<reasoning>
ماریسا کی کل فاصلہ 12 میل ہے۔ اس نے پہلے 4 میل طے کرنے میں 1 گھنٹہ لگایا، اس کی رفتار 4 میل فی گھنٹہ ہے۔ پھر اگلے 2 میل طے کرنے میں ایک اور گھنٹہ لگا، اس کی رفتار 2 میل فی گھنٹہ ہے۔ اب باقی فاصلہ 12 - 4 - 2 = 6 میل ہے۔ اسے کل 12 میل طے کرنے میں 3 گھنٹے لگانا ہوں گے۔ اس کی اوسط رفتار 4 میل فی گھنٹہ ہے۔ اسے باقی 6 میل طے کرنے میں 3 گھنٹے لگانا ہوں گے۔ اس کی رفتار = 6 میل / 3 گھنٹے = 2 میل فی گھنٹہ۔
</reasoning>

<SOLUTION>2 میل فی گھنٹہ</SOLUTION>",False
20,میرے پاس 10 لیٹر نارنجی مشروب ہے جو دو تہائی پانی پر مشتمل ہے، اور میں اسے 15 لیٹر انناس کے مشروب میں شامل کرنا چاہتا ہوں جو تین پانچواں حصہ پانی ہے۔ لیکن جب میں اسے ڈالتا ہوں تو ایک لیٹر نارنجی مشروب گر جاتا ہے۔ باقی 24 لیٹر میں کتنا پانی ہوگا؟,15,"<reasoning>
ہمیں پہلے نارنجی مشروب کے حجم اور اس میں پانی کی مقدار کا تعین کرنا ہوگا۔ نارنجی مشروب 10 لیٹر ہے اور اس میں دو تہائی پانی ہے۔

دو تہائی پانی = (2/3) × 10 = 6.666... لیٹر پانی

نارنجی مشروب میں 10 لیٹر ہے، اور 1 لیٹر گر جاتا ہے، اس لیے باقی 9 لیٹر نارنجی مشروب ہے۔

اب ہم 15 لیٹر انناس کے مشروب میں شامل کرنا چاہتے ہیں۔ انناس کے مشروب میں تین پانچواں حصہ پانی ہے۔

تین پانچواں حصہ پانی = (3/5) × 15 = 9 لیٹر پانی

اب ہم 9 لیٹر نارنجی مشروب اور 15 لیٹر انناس کے مشروب کو ملایا جاتا ہے۔

کل مشروب = 9 + 15 = 24 لیٹر

کل پانی = 6.666... + 9 = 15.666... لیٹر

یہ 15.666... لیٹر پانی ہے۔
</reasoning>

<SOLUTION>15.666... لیٹر پانی</SOLUTION>",True
21,ریمنڈ اور سامنتھا کزن ہیں۔ ریمنڈ سامنتھا سے 6 سال بڑا ہے۔ ریمنڈ کا بیٹا 23 سال کی عمر میں پیدا ہوا۔ اگر سامنتھا اب 31 سال کی ہے تو ریمنڈ کا بیٹا کتنے سال پہلے پیدا ہوا تھا؟,14,"<reasoning>
ریمنڈ سامنتھا سے 6 سال بڑا ہے۔ سامنتھا اب 31 سال کی ہے، تو ریمنڈ کی عمر 31 + 6 = 37 سال ہے۔  
ریمنڈ کا بیٹا 23 سال کی عمر میں پیدا ہوا۔  
اس لیے، ریمنڈ کا بیٹا 37 - 23 = 14 سال پہلے پیدا ہوا تھا۔
</reasoning>

<SOLUTION>14 سال پہلے</SOLUTION>",True
22,بلی ڈی وی ڈیز فروخت کرتا ہے۔ منگل کو اس کے 8 گاہک ہیں۔ اس کے پہلے 3 گاہک ایک ایک ڈی وی ڈی خریدتے ہیں۔ اس کے اگلے 2 گاہک 2، 2 ڈی وی ڈیز خریدتے ہیں۔ اس کے آخری 3 گاہک کوئی ڈی وی ڈی نہیں خریدتے۔ بلی نے منگل کو کل کتنی ڈی وی ڈیز فروخت کیں؟,7,"<reasoning>
بلی کے 8 گاہک ہیں۔ پہلے 3 گاہک 1 ڈی وی ڈی ہر ایک نے خریدا، اس لیے 3 × 1 = 3 ڈی وی ڈیز۔ اگلے 2 گاہک 2 ڈی وی ڈی ہر ایک نے خریدا، اس لیے 2 × 2 = 4 ڈی وی ڈیز۔ آخری 3 گاہک کوئی ڈی وی ڈی نہیں خریدتے۔ اس طرح کل فروخت کی گئی ڈی وی ڈیز کی تعداد 3 + 4 = 7 ہے۔
</reasoning>

<SOLUTION>7</SOLUTION>",True
23,ایک موم بتی ہر گھنٹے جلنے پر 2 سینٹی میٹر پگھل جاتی ہے۔ دوپہر 1 بجے سے شام 5 بجے تک جلنے کے بعد موم بتی کتنی سینٹی میٹر چھوٹی ہو جائے گی؟,8,"<reasoning>
ایک موم بتی ہر گھنٹے جلنے پر 2 سینٹی میٹر پگھل جاتی ہے۔ دوپہر 1 بجے سے شام 5 بجے تک کے درمیان 4 گھنٹے ہیں۔ چونکہ ہر گھنٹے میں 2 سینٹی میٹر پگھلتا ہے، تو 4 گھنٹوں میں 4 × 2 = 8 سینٹی میٹر پگھل جائے گا۔
</reasoning>

<SOLUTION>8 سینٹی میٹر</SOLUTION>",True
24,کائل نے پچھلے سال کی سب سے زیادہ فروخت ہونے والی کتاب 19.50 ڈالر میں خریدی، جو اصل قیمت پر 25 فیصد رعایت کے ساتھ تھی۔ کتاب کی اصل قیمت کیا تھی؟,26,"<reasoning>
کائل نے کتاب 19.50 ڈالر میں خریدی، جو اصل قیمت پر 25 فیصد کمی کے بعد کی قیمت ہے۔ یہ مطلب ہے کہ 19.50 ڈالر اصل قیمت کا 75 فیصد ہے (کیونکہ 25 فیصد کمی ہوئی ہے)۔ ہم اصل قیمت کو یوں پتہ لگا سکتے ہیں:

$$
19.50 = \text{اصل قیمت} \times (1 - 0.25) = \text{اصل قیمت} \times 0.75
$$

اصل قیمت کو پتہ کرنے کے لیے 19.50 کو 0.75 سے تقسیم کریں:

$$
\text{اصل قیمت} = \frac{19.50}{0.75} = 26
$$
</reasoning>

<SOLUTION>26 ڈالر</SOLUTION>",True
25,میری نے ایک چکن کا کھانا خریدا جس کی قیمت 12 ڈالر تھی، دودھ کے 5 پیکٹ 3 ڈالر فی پیکٹ کے حساب سے، 4 سیب 1.50 ڈالر فی سیب، اور کچھ پیزا کے ڈبے۔ اگر میری نے کل 50 ڈالر ادا کیے تو 8.50 ڈالر فی ڈبہ کے حساب سے اس نے کتنے پیزا کے ڈبے آرڈر کیے؟,2,"<reasoning>
میری نے کل 50 ڈالر ادا کیے۔ اس کے خریدے گئے چیزوں کی قیمتوں کا حساب لگائیں:

1. چکن کا کھانا = 12 ڈالر  
2. دودھ کے 5 پیکٹ = 5 × 3 = 15 ڈالر  
3. 4 سیب = 4 × 1.50 = 6 ڈالر  

کل خرچ ہوئے ڈالر = 12 + 15 + 6 = 33 ڈالر  

باقی ڈالر = 50 - 33 = 17 ڈالر  

پیزا کے ڈبے کی قیمت 8.50 ڈالر فی ڈبہ ہے۔  

ایک ڈبہ کی قیمت = 8.50 ڈالر  
17 ڈالر میں ڈبے کی تعداد = 17 ÷ 8.50 = 2  

تو، میری نے 2 پیزا کے ڈبے آرڈر کیے۔
</reasoning>

<SOLUTION>2 پیزا کے ڈبے</SOLUTION>",True
26,مشکا نے 3 جوڑے شارٹس، 3 جوڑے پتلون اور 3 جوڑے جوتے خریدے۔ ایک جوڑا شارٹس کی قیمت 16.50 ڈالر ہے، ایک جوڑا پتلون کی قیمت 22.50 ڈالر ہے، اور ایک جوڑا جوتے کی قیمت 42 ڈالر ہے۔ مشکا نے تمام کپڑوں پر کتنے ڈالر خرچ کیے؟,243,"<reasoning>
مشکا نے 3 جوڑے شارٹس، 3 جوڑے پتلون اور 3 جوڑے جوتے خریدے۔ ہر جوڑے کی قیمت یوں ہے:

- ایک جوڑا شارٹس کی قیمت = 16.50 ڈالر  
- ایک جوڑا پتلون کی قیمت = 22.50 ڈالر  
- ایک جوڑا جوتے کی قیمت = 42 ڈالر  

کل خرچ = (3 × 16.50) + (3 × 22.50) + (3 × 42)  
= 49.50 + 67.50 + 126  
= 243 ڈالر
</reasoning>

<SOLUTION>243 ڈالر</SOLUTION>",True
27,سنتھیا ہر رات آئس کریم کی ایک سرونگ کھاتی ہے۔ وہ آئس کریم کے کارٹن خریدتی ہے جن میں فی کارٹن 15 سرونگز ہوتی ہیں، اور ہر کارٹن کی قیمت 4 ڈالر ہے۔ 60 دن کے بعد وہ آئس کریم پر کتنا خرچ کرے گی؟,16,"<reasoning>
سنتھیا ہر رات ایک سرونگ آئس کریم کھاتی ہے، اس لیے 60 دن میں وہ 60 سرونگز کھاتی ہوگی۔

ہر کارٹن میں 15 سرونگز ہوتی ہیں، اس لیے 60 سرونگز کے لیے کتنے کارٹن ضروری ہوں گے؟

$$
\frac{60}{15} = 4 \text{ کارٹن}
$$

ہر کارٹن کی قیمت 4 ڈالر ہے، اس لیے 4 کارٹن کی قیمت ہوگی:

$$
4 \times 4 = 16 \text{ ڈالر}
$$
</reasoning>

<SOLUTION>16 ڈالر</SOLUTION>",True
28,ہنری نے 60 میل کے بائیک سفر کے دوران دو بار رکا۔ پہلی بار 20 میل کے بعد، اور دوسری بار اختتام سے 15 میل پہلے۔ اس نے پہلے اور دوسرے اسٹاپ کے درمیان کتنے میل سفر کیا؟,25,"<reasoning>
ہنری نے کل 60 میل کا سفر کیا۔ پہلی بار وہ 20 میل کے بعد رکا، اور دوسری بار اختتام سے 15 میل پہلے رکا۔ یعنی وہ 60 میل کے سفر کے شروع میں 20 میل کے بعد رکا اور آخر میں 15 میل پہلے رکا۔ اس لحاظ سے، پہلے اور دوسرے اسٹاپ کے درمیان سفر کردہ میل کا حساب یوں ہوگا:

کل سفر کردہ میل = 60 میل  
پہلی بار رکنے کے بعد سے آخر تک کے میل = 15 میل  
شروع سے پہلی بار رکنے تک کے میل = 20 میل  
پس، پہلے اور دوسرے اسٹاپ کے درمیان سفر کردہ میل = 60 - (20 + 15) = 60 - 35 = 25 میل
</reasoning>

<SOLUTION>25 میل</SOLUTION>",True
29,گلوریا جوتے خرید رہی ہوتی ہے جب اسے ایک ایسا جوڑا ملتا ہے جو اس کے بجٹ میں آتا ہے۔ تاہم، اسے ان بوٹس اور دو جوڑی اونچی ایڑیوں میں سے کسی ایک کا انتخاب کرنا ہے، جن کی مجموعی قیمت بوٹس سے پانچ ڈالر کم ہے۔ اگر ایک جوڑی ایڑیوں کی قیمت 33 ڈالر ہے اور دوسری جوڑی اس سے دوگنا ہے، تو بوٹس کی قیمت کتنی ہے؟,104,"<reasoning>
ہمیں یہ پتہ ہے کہ گلوریا دو جوڑی اونچی ایڑیوں میں سے ایک کا انتخاب کر رہی ہے، جن کی مجموعی قیمت بوٹس سے پانچ ڈالر کم ہے۔ ایک جوڑی ایڑیوں کی قیمت 33 ڈالر ہے اور دوسری جوڑی اس سے دوگنا ہے۔ ہمیں بوٹس کی قیمت پتہ کرنی ہے۔

اگر دوسری جوڑی ایڑیوں کی قیمت 33 ڈالر ہے تو دوسری جوڑی کی قیمت 33 × 2 = 66 ڈالر ہے۔

اب، مجموعی قیمت اونچی ایڑیوں میں سے ایک جوڑی کی قیمت بوٹس سے پانچ ڈالر کم ہے۔ ہمیں اس کی قیمت یا بوٹس کی قیمت میں سے ایک کو پتہ کرنے کی ضرورت ہے۔

اگر ہم اسے ایک جوڑی ایڑیوں کی قیمت 33 ڈالر لیتے ہیں، تو بوٹس کی قیمت 33 + 5 = 38 ڈالر ہوگی۔

اس طرح، بوٹس کی قیمت 38 ڈالر ہے۔
</reasoning>

<SOLUTION>38 ڈالر</SOLUTION>",False
30,ڈیرل اور ایلن کی عمروں کا تناسب 7:11 ہے۔ اگر ان کی موجودہ مجموعی عمر 162 سال ہے، تو 10 سال بعد ایلن کی عمر کیا ہوگی؟,109,"<reasoning>
ڈیرل اور ایلن کی عمر کا تناسب 7:11 ہے، جس کا مطلب ہے کہ ڈیرل کی عمر 7x ہے اور ایلن کی عمر 11x ہے۔ ان کی مجموعی عمر 162 سال ہے، اس لیے ہم یہ معادلہ لکھ سکتے ہیں:

7x + 11x = 162  
18x = 162  
x = 9

ایلن کی موجودہ عمر 11x ہے، جس کا مطلب ہے 11 × 9 = 99 سال۔ 10 سال بعد ایلن کی عمر 99 + 10 = 109 سال ہوگی۔
</reasoning>

<SOLUTION>109 سال</SOLUTION>",True
31,گنٹر ایک جار میں جیلی بینز گننے کی کوشش کر رہا ہے۔ وہ اپنے دوستوں سے پوچھتا ہے کہ ان کے خیال میں جار میں کتنے جیلی بینز ہیں۔ ایک دوست کہتا ہے 80۔ دوسرا کہتا ہے کہ پہلے والے کے آدھے سے 20 زیادہ۔ تیسرا کہتا ہے کہ پہلے والے سے 25 فیصد زیادہ۔ ان کے اندازوں کا اوسط کیا ہے؟,80,"<reasoning>
پہلے دوست کا اندازہ 80 ہے۔  
دوسرا دوست کہتا ہے کہ پہلے والے کے آدھے سے 20 زیادہ، یعنی:  
$$ \frac{80}{2} + 20 = 40 + 20 = 60 $$

تیسرا دوست کہتا ہے کہ پہلے والے سے 25 فیصد زیادہ، یعنی:  
$$ 80 + (80 \times 0.25) = 80 + 20 = 100 $$

اب اندازوں کا اوسط ہے:  
$$ \frac{80 + 60 + 100}{3} = \frac{240}{3} = 80 $$

</reasoning>

<SOLUTION>80</SOLUTION>",True
32,جان دس کتوں کی دیکھ بھال کرتا ہے۔ ہر کتے کو روزانہ گھمانے پھرانے میں آدھا گھنٹہ لگتا ہے۔ وہ ایک ہفتے میں کتوں کی دیکھ بھال پر کتنے گھنٹے لگاتا ہے؟,35,"<reasoning>
جان دس کتوں کی دیکھ بھال کرتا ہے۔ ہر کتے کو روزانہ گھمانے پھرانے میں آدھا گھنٹہ لگتا ہے۔ اس لیے 10 کتوں کے لیے روزانہ کل گھنٹے 10 × 0.5 = 5 ہوتے ہیں۔ ایک ہفتے میں 7 دن ہوتے ہیں، اس لیے کل گھنٹے 5 × 7 = 35 ہوتے ہیں۔
</reasoning>

<SOLUTION>35 گھنٹے</SOLUTION>",True
33,گریچن کے پاس 110 سکے ہیں، جن میں سونے کے سکے چاندی کے سکوں سے 30 زیادہ ہیں۔ اس کے پاس سونے کے کتنے سکے ہیں؟,70,"<reasoning>
معلوم ہے کہ گریچن کے پاس کل 110 سکے ہیں۔ اور سونے کے سکے چاندی کے سکوں سے 30 زیادہ ہیں۔  
ہمیں یہ پتہ چلنا چاہیے کہ گریچن کے پاس کتنے سونے کے سکے ہیں۔  
فرض کریں کہ چاندی کے سکے $ x $ ہیں۔  
تو سونے کے سکے $ x + 30 $ ہوں گے۔  
کل سکوں کی تعداد $ x + (x + 30) = 110 $ ہے۔  
اس سے ہم یہ معادلہ بناسکتے ہیں:  
$ 2x + 30 = 110 $  
اب ہم یہ معادلہ حل کریں گے:  
$ 2x = 110 - 30 $  
$ 2x = 80 $  
$ x = 40 $  
یعنی چاندی کے سکے 40 ہیں۔  
تو سونے کے سکے $ 40 + 30 = 70 $ ہوں گے۔
</reasoning>

<SOLUTION>70</SOLUTION>",True
34,سیوبن کے پاس ہارون سے 2 جواہرات کم ہیں۔ ہارون کے پاس ریمنڈ کے آدھے جواہرات سے 5 جواہرات زیادہ ہیں۔ اگر ریمنڈ کے پاس 40 جواہرات ہیں تو سیوبن کے پاس کتنے جواہرات ہیں؟,23,"<reasoning>
ہمیں پتہ ہے کہ ریمنڈ کے پاس 40 جواہرات ہیں۔  
ہارون کے پاس ریمنڈ کے آدھے جواہرات سے 5 جواہرات زیادہ ہیں۔  
ریمنڈ کے آدھے جواہرات = 40 / 2 = 20  
ہارون کے پاس جواہرات = 20 + 5 = 25  

اب، سیوبن کے پاس ہارون سے 2 جواہرات کم ہیں۔  
سیوبن کے پاس جواہرات = 25 - 2 = 23  
</reasoning>

<SOLUTION>23 جواہرات</SOLUTION>",True
35,مائیک 40 منٹ تک پنگ پانگ کھیلتا ہے۔ پہلے 20 منٹ میں، وہ 4 پوائنٹس بناتا ہے۔ دوسرے 20 منٹ میں، وہ 25 فیصد زیادہ پوائنٹس بناتا ہے۔ اُس نے کل کتنے پوائنٹس بنائے؟,9,"<reasoning>
مائیک نے پہلے 20 منٹ میں 4 پوائنٹس بنائے۔ دوسرے 20 منٹ میں، وہ 25 فیصد زیادہ پوائنٹس بناتا ہے۔ 25 فیصد 4 پوائنٹس کا 25% ہے، جو 1 ہے۔ اس لیے دوسرے 20 منٹ میں وہ 4 + 1 = 5 پوائنٹس بناتا ہے۔ کل پوائنٹس 4 + 5 = 9 ہیں۔
</reasoning>

<SOLUTION>9</SOLUTION>",True
36,ٹیری روزانہ 2 دہی کھاتا ہے۔ اس وقت دہی سیل پر ہیں، جہاں 4 دہی 5 ڈالر میں مل رہے ہیں۔ وہ 30 دنوں میں دہی پر کتنا خرچ کرے گا؟,75,"<reasoning>
ٹیری روزانہ 2 دہی کھاتا ہے۔ 30 دنوں میں وہ کل 2 × 30 = 60 دہی کھائے گا۔  
دہی سیل پر 4 دہی 5 ڈالر میں ملتے ہیں، اس لیے 1 دہی کی قیمت 5/4 = 1.25 ڈالر ہے۔  
60 دہی کی کل قیمت 60 × 1.25 = 75 ڈالر ہوگی۔
</reasoning>

<SOLUTION>75 ڈالر</SOLUTION>",True
37,جان اپنے تمام کھلونے بیچ کر ان پیسوں سے ویڈیو گیمز خریدنے کا منصوبہ بناتا ہے۔ اس کے پاس 13 لیگو سیٹ ہیں اور وہ انہیں 15 ڈالر فی سیٹ کے حساب سے بیچتا ہے۔ آخر میں، وہ 20 ڈالر فی گیم کے حساب سے 8 ویڈیو گیمز خریدتا ہے اور اس کے پاس 5 ڈالر بچ جاتے ہیں۔ اب اس کے پاس کتنے لیگو سیٹ باقی ہیں؟,2,"<reasoning>
جان کے پاس 13 لیگو سیٹ ہیں۔ وہ انہیں 15 ڈالر فی سیٹ کے حساب سے بیچتا ہے۔ اس کے بعد وہ 8 ویڈیو گیمز خریدتا ہے جن کی قیمت 20 ڈالر فی گیم ہے۔ آخر میں اس کے پاس 5 ڈالر بچ جاتے ہیں۔ ہمیں جان کے پاس کتنے لیگو سیٹ باقی ہیں یہ پتہ کرنے کی ضرورت ہے۔

جان کے پاس 13 لیگو سیٹ ہیں، اور وہ انہیں بیچ دیتا ہے۔ یہاں تک کہ وہ ویڈیو گیمز خریدتا ہے اور آخر میں 5 ڈالر بچ جاتے ہیں۔ لیکن ہمیں لیگو سیٹ کے بارے میں پوچھا گیا ہے، جو کہ اب بھی 13 ہیں کیونکہ وہ انہیں بیچ دیتا ہے اور ہمیں باقی لیگو سیٹ کی تعداد پوچھی گئی ہے۔
</reasoning>

<SOLUTION>13 لیگو سیٹ</SOLUTION>",False
38,جان ہفتے میں 60 میل دوڑتا ہے۔ وہ ہفتے میں 3 دن دوڑتا ہے۔ وہ پہلے دن 3 گھنٹے دوڑتا ہے۔ اور دوسرے دو دن اس سے آدھا زیادہ دوڑتا ہے۔ وہ کتنی تیزی سے دوڑتا ہے؟,10,"<reasoning>
جان ہفتے میں 60 میل دوڑتا ہے اور وہ 3 دن دوڑتا ہے۔ پہلے دن 3 گھنٹے دوڑتا ہے اور دوسرے دو دن اس سے آدھا زیادہ دوڑتا ہے۔ یعنی دوسرے دو دن میں 3 + 1.5 = 4.5 گھنٹے دوڑتا ہے۔ اس طرح کل 3 + 4.5 = 7.5 گھنٹے دوڑتا ہے۔ اب ہم 60 میل کے لیے 7.5 گھنٹے کا استعمال کرتے ہوئے تیزی کا حساب لگائیں گے۔
</reasoning>

<SOLUTION>
جان کی تیزی 60 میل / 7.5 گھنٹے = 8 میل فی گھنٹہ ہے۔
</SOLUTION>",False
39,دانہ چلنا جتنا تیز دوڑ سکتی ہے، وہ چار گنا تیز دوڑ سکتی ہے، لیکن وہ دوڑنے کے مقابلے میں آدھی رفتار سے چھلانگ لگا سکتی ہے۔ اگر وہ 3 میل فی گھنٹہ کی رفتار سے چھلانگ لگا سکتی ہے، تو وہ چھ گھنٹے میں کتنے میل کا سفر طے کر سکتی ہے اگر وہ وقت کے تیسرے حصے میں دوڑے اور دو تیسرے حصے میں چلے؟,18,"<reasoning>
ہمیں دانہ کی رفتار کے حساب سے معلوم کرنا ہے کہ وہ چھ گھنٹے میں کتنے میل کا سفر طے کر سکتی ہے۔ دی گئی معلومات یہ ہے کہ دانہ 3 میل فی گھنٹہ کی رفتار سے چھلانگ لگا سکتی ہے۔

- دوڑنے کی رفتار چھلانگ لگانے کی رفتار سے 4 گنا تیز ہے، یعنی دوڑنے کی رفتار = 3 × 4 = 12 میل فی گھنٹہ
- چلنا چھلانگ لگانے کی رفتار سے آدھی رفتار ہے، یعنی چلنا = 3 ÷ 2 = 1.5 میل فی گھنٹہ

اب، دانہ چھ گھنٹے میں کتنے میل کا سفر طے کر سکتی ہے؟

- وقت کے تیسرے حصے میں دوڑے = 2 گھنٹے
- دو تیسرے حصے میں چلے = 4 گھنٹے

اب ہم چھلانگ لگانے، دوڑنے اور چلنے کی مجموعی فاصلہ کا حساب لگائیں:

- دوڑنے کی فاصلہ = 12 میل فی گھنٹہ × 2 گھنٹے = 24 میل
- چلنے کی فاصلہ = 1.5 میل فی گھنٹہ × 4 گھنٹے = 6 میل

کل فاصلہ = 24 + 6 = 30 میل
</reasoning>

<SOLUTION>30 میل</SOLUTION>",False
40,برینڈن کا آئی فون بین کے آئی فون سے چار گنا پرانا ہے۔ بین کا آئی فون سوزی کے آئی فون سے دو گنا پرانا ہے۔ اگر سوزی کا آئی فون 1 سال پرانا ہے، تو برینڈن کا آئی فون کتنا پرانا ہے؟,8,"<reasoning>
ہمیں پتہ ہے کہ سوزی کا آئی فون 1 سال پرانا ہے۔  
بین کا آئی فون سوزی کے آئی فون سے دو گنا پرانا ہے، جس کا مطلب ہے کہ بین کا آئی فون 2 × 1 = 2 سال پرانا ہے۔  
برینڈن کا آئی فون بین کے آئی فون سے چار گنا پرانا ہے، جس کا مطلب ہے کہ برینڈن کا آئی فون 4 × 2 = 8 سال پرانا ہے۔
</reasoning>

<SOLUTION>8 سال</SOLUTION>",True
41,عظیم اژدہا، پرگ، فاربو پہاڑ کی چوٹی پر بیٹھا 1000 فٹ کے دائرے میں ہر چیز پر آگ برسا رہا تھا۔ پولی سونے کا نیزہ، جو اژدہے کو ہلاک کرنے والا واحد معلوم ہتھیار تھا، 400 فٹ کے فاصلے تک پھینک سکتی تھی، جو اژدہے کے شعلوں کی پہنچ کے بالکل اندر تھا۔ لیکن جب پولی نیلم کا پتھر تھام لیتی، تو وہ نیزے کو معمول سے تین گنا زیادہ دور پھینک سکتی تھی۔ نیلم کا پتھر تھام کر، پولی اژدہے کے شعلوں کی پہنچ سے کتنی دور کھڑی ہو سکتی ہے کہ پھر بھی سونے کے نیزے سے اژدہے کو نشانہ بنا سکے؟,200,"<reasoning>
اژدہا پرگ، فاربو پہاڑ کی چوٹی پر بیٹھا ہوا ہے اور 1000 فٹ کے دائرے میں ہر چیز پر آگ برسا رہا ہے۔ پولی کے پاس ایک نیزہ ہے جو اژدہے کو ہلاک کرنے والا واحد معلوم ہتھیار ہے۔ یہ نیزہ 400 فٹ کے فاصلے تک پھینک سکتا ہے، جو اژدہے کے شعلوں کی پہنچ کے بالکل اندر ہے۔

لیکن جب پولی نیلم کا پتھر تھام لیتی ہے، تو وہ نیزے کو معمول سے تین گنا زیادہ دور پھینک سکتی ہے۔ یعنی 400 فٹ × 3 = 1200 فٹ۔

اس طرح، نیلم کا پتھر تھام کر پولی اژدہے کے شعلوں کی پہنچ سے 1200 فٹ دور کھڑی ہو سکتی ہے اور سونے کے نیزے سے اژدہے کو نشانہ بنا سکتی ہے۔
</reasoning>

<SOLUTION>1200 فٹ</SOLUTION>",False
42,دادی جونز نے فائر مینوں کے دوپہر کے کھانے کے لیے 5 سیب کے پائی بنائے۔ انہوں نے ہر پائی کو 8 ٹکڑوں میں کاٹا اور پانچوں پائیوں کو مہمانوں کے لیے بوفے کی میز پر رکھ دیا تاکہ وہ خود لے سکیں۔ شام کے اختتام پر، جب مہمانوں نے اپنے ٹکڑے لے کر کھا لیے، تو 14 ٹکڑے باقی رہ گئے۔ مہمانوں نے کتنے ٹکڑے لیے؟,26,"<reasoning>
دادی جونز نے 5 سیب کے پائی بنائے۔ ہر پائی کو 8 ٹکڑوں میں کاٹا گیا، اس طرح کل ٹکڑے = 5 × 8 = 40 ٹکڑے۔  
شام کے اختتام پر 14 ٹکڑے باقی رہ گئے، جو کہ اس بات کا ثبوت ہے کہ مہمانوں نے 40 - 14 = 26 ٹکڑے لیے۔
</reasoning>

<SOLUTION>26 ٹکڑے</SOLUTION>",True
43,اس کی غذائیت کی معلومات کے مطابق، چپس کے ایک بیگ میں فی سرونگ 250 کیلوریز ہوتی ہیں۔ اگر 300 گرام کے بیگ میں 5 سرونگ ہیں، تو آپ کتنے گرام کھا سکتے ہیں اگر آپ کا روزانہ کیلوری کا ہدف 2000 ہے اور آپ پہلے ہی 1800 کیلوریز لے چکے ہیں؟,48,"<reasoning>
ہمیں پتہ ہے کہ چپس کے ایک بیگ میں 5 سرونگ ہوتی ہیں اور ہر سرونگ میں 250 کیلوریز ہوتی ہیں۔ پہلے ہم چپس کے ایک بیگ میں کل کیلوریز کی تعداد پتہ لگائیں گے:

5 سرونگ × 250 کیلوریز = 1250 کیلوریز

اب ہمیں پتہ ہے کہ 300 گرام کے بیگ میں 1250 کیلوریز ہوتی ہیں۔ ہمیں اب یہ پتہ لگانا ہے کہ 1 گرام چپس میں کتنی کیلوریز ہوتی ہیں:

1250 کیلوریز ÷ 300 گرام = 4.1667 کیلوریز/گرام

اب ہمیں پتہ ہے کہ آپ کا روزانہ کیلوری کا ہدف 2000 ہے اور آپ پہلے ہی 1800 کیلوریز لے چکے ہیں۔ اب آپ کو 2000 - 1800 = 200 کیلوریز کھانے ہیں۔

اب ہمیں پتہ ہے کہ 1 گرام چپس میں 4.1667 کیلوریز ہوتی ہیں، تو 200 کیلوریز کے لیے ہم یہ پتہ لگائیں گے کہ کتنے گرام چپس کھا سکتے ہیں:

200 کیلوریز ÷ 4.1667 کیلوریز/گرام ≈ 48 گرام

اس طرح، آپ کو 48 گرام چپس کھانے ہیں۔
</reasoning>

<SOLUTION>48 گرام</SOLUTION>",True
44,چارلی شہد کے موم کی موم بتیاں بیچنا چاہتا ہے۔ ہر ایک پاؤنڈ موم سے وہ 10 موم بتیاں بنا سکتا ہے۔ ایک پاؤنڈ موم اور بتیوں پر سامان کی لاگت 10 ڈالر آتی ہے۔ اگر وہ ہر موم بتی 2 ڈالر میں فروخت کرے، تو 20 موم بتیاں بنانے اور بیچنے پر اس کا خالص منافع کتنا ہوگا؟,20,"<reasoning>
چارلی ہر پاؤنڈ موم سے 10 موم بتیاں بناتا ہے۔ اس کے پاس 20 موم بتیاں بنانے کے لیے 2 پاؤنڈ موم کی ضرورت ہوگی۔

ہر پاؤنڈ موم اور بتیوں پر سامان کی لاگت 10 ڈالر ہے۔ اس لیے 2 پاؤنڈ موم کی لاگت 2 × 10 = 20 ڈالر ہوگی۔

چارلی ہر موم بتی 2 ڈالر میں فروخت کرتا ہے۔ 20 موم بتیاں فروخت کرنے پر کل فروخت کی قیمت 20 × 2 = 40 ڈالر ہوگی۔

خالص منافع = کل فروخت کی قیمت - کل لاگت = 40 - 20 = 20 ڈالر
</reasoning>

<SOLUTION>20 ڈالر</SOLUTION>",True
45,میریڈتھ ایک فری لانس بلاگر ہے جو صحت کے موضوعات پر لکھتی ہے اور روزانہ اپنے مستقل کام کے طور پر کلائنٹس کو مضامین پیش کرتی ہے۔ ایک بلاگ آرٹیکل پر تحقیق کرنے اور لکھنے میں اوسطاً 4 گھنٹے لگتے ہیں۔ پچھلے ہفتے، اس نے پیر کو 5 مضامین لکھے اور منگل کو پیر کے مقابلے میں 2/5 گنا زیادہ مضامین لکھے۔ بدھ کو، اس نے منگل کے مقابلے میں دوگنا مضامین لکھے۔ ان تین دنوں میں مضامین لکھنے پر صرف ہونے والے کل گھنٹوں کا حساب لگائیں۔,104,"<reasoning>
میریڈتھ کی تحقیق اور لکھنے میں اوسطاً 4 گھنٹے لگتے ہیں۔

- پیر کو 5 مضامین لکھے گئے۔  
  وقت = 5 × 4 = 20 گھنٹے

- منگل کو پیر کے مقابلے میں 2/5 گنا زیادہ مضامین لکھے گئے۔  
  منگل کے مضامین = 5 + (2/5 × 5) = 5 + 2 = 7  
  وقت = 7 × 4 = 28 گھنٹے

- بدھ کو منگل کے مقابلے میں دوگنا مضامین لکھے گئے۔  
  بدھ کے مضامین = 2 × 7 = 14  
  وقت = 14 × 4 = 56 گھنٹے

کل گھنٹے = 20 + 28 + 56 = 104 گھنٹے
</reasoning>

<SOLUTION>104 گھنٹے</SOLUTION>",True
46,کینڈیس نے کافی شاپ میں اپنی نوکری پر جانے سے پہلے اپنے پرس میں 80 پوسٹ-اٹ نوٹس رکھے۔ راستے میں، وہ ایک دکان پر رکی اور پوسٹ-اٹ نوٹس کا ایک پیکٹ خریدا۔ کام پر، اس نے 220 مختلف کافی کے کپوں میں سے ہر ایک پر ایک پوسٹ-اٹ نوٹ لگایا۔ اگر اس کے پاس مجموعی طور پر 23 پوسٹ-اٹ نوٹس باقی تھے، تو اس کے خریدے ہوئے پیکٹ میں کتنے پوسٹ-اٹ نوٹس تھے؟,163,"<reasoning>
کینڈیس نے پہلے 80 پوسٹ-اٹ نوٹس رکھے تھے۔ اس نے کام پر 220 کافی کے کپوں میں سے ہر ایک پر ایک پوسٹ-اٹ نوٹ لگایا، جس کا مطلب ہے کہ اس نے 220 پوسٹ-اٹ نوٹس استعمال کیے۔

اگر اس کے پاس مجموعی طور پر 23 پوسٹ-اٹ نوٹس باقی تھے، تو اس کے پاس کام پر استعمال کرنے سے پہلے کل کتنے پوسٹ-اٹ نوٹس تھے، یہ یوں نکالا جا سکتا ہے:

80 (شروع میں رکھے گئے نوٹس) - 220 (استعمال کیے گئے نوٹس) + 23 (باقی نوٹس) = 183

لیکن یہ 183 نوٹس کی کل تعداد ہے۔ اس کے پاس اصل میں 80 نوٹس تھے، اس لیے وہ 183 - 80 = 103 نوٹس خریدی ہوئی ہے۔
</reasoning>

<SOLUTION>103</SOLUTION>",False
47,جان نیلی ٹائیوں کے مقابلے میں دگنی سرخ ٹائیاں خریدتا ہے۔ سرخ ٹائیوں کی قیمت نیلی ٹائیوں سے 50 فیصد زیادہ ہے۔ اس نے نیلی ٹائیوں پر 200 ڈالر خرچ کیے جن کی قیمت 40 ڈالر فی ٹائی تھی۔ اس نے ٹائیوں پر کل کتنا خرچ کیا؟,800,"<reasoning>
جان نیلی ٹائیاں خریدتا ہے جن کی قیمت 40 ڈالر فی ٹائی ہے۔ اس نے نیلی ٹائیوں پر 200 ڈالر خرچ کیے، جو 200 ÷ 40 = 5 ٹائیاں ہیں۔

نیلی ٹائیوں کی قیمت سرخ ٹائیوں سے 50% زیادہ ہے، جس کا مطلب ہے کہ سرخ ٹائیوں کی قیمت نیلی ٹائیوں کی قیمت کی 150% ہے۔

نیلی ٹائی کی قیمت 40 ڈالر ہے، تو سرخ ٹائی کی قیمت 40 × 1.5 = 60 ڈالر ہے۔

جان نے 5 نیلی ٹائیاں خریدیں، اور اس نے دگنی سرخ ٹائیاں خریدیں، یعنی 5 × 2 = 10 سرخ ٹائیاں۔

سرخ ٹائیاں کی کل قیمت 10 × 60 = 600 ڈالر ہے۔

نیلی ٹائیاں کی کل قیمت 200 ڈالر ہے۔

کل خرچ 200 + 600 = 800 ڈالر ہے۔
</reasoning>

<SOLUTION>800 ڈالر</SOLUTION>",True
48,ٹریسی نے باغ میں ٹماٹر کے پودوں کو سہارا دینے کے لیے 4 فٹ لمبی تار استعمال کی۔ اس تار کو 6 انچ لمبے ٹکڑوں میں کاٹا گیا۔ اسے کل کتنے ٹکڑے حاصل ہوئے؟,8,"<reasoning>
ٹریسی نے 4 فٹ لمبی تار استعمال کی۔ 1 فٹ = 12 انچ ہوتا ہے، اس لیے 4 فٹ = 4 × 12 = 48 انچ۔ اب یہ تار 6 انچ لمبے ٹکڑوں میں کاٹا گیا۔ اس لیے ٹکڑوں کی تعداد 48 ÷ 6 = 8 ہوگی۔
</reasoning>

<SOLUTION>8 ٹکڑے</SOLUTION>",True
49,رچرڈ ایک 15 منزلہ عمارت میں رہتا ہے جس کی ہر منزل پر 8 یونٹس ہیں۔ عمارت کا تین چوتھائی (3/4) حصہ آباد ہے۔ عمارت میں کل کتنے یونٹس خالی ہیں؟,30,"<reasoning>
رچرڈ کی عمارت 15 منزلہ ہے اور ہر منزل پر 8 یونٹس ہیں۔ پہلے ہم عمارت میں کل یونٹس کی تعداد پتا لگائیں۔

کل یونٹس = 15 منزل × 8 یونٹس = 120 یونٹس

عمرت کا تین چوتھائی حصہ آباد ہے، جس کا مطلب ہے کہ 1/4 حصہ خالی ہے۔

خالی یونٹس = 120 × 1/4 = 30 یونٹس
</reasoning>

<SOLUTION>30 یونٹس</SOLUTION>",True
50,لائیڈ کا انڈوں کا ایک فارم ہے۔ اس کی مرغیاں روزانہ 252 انڈے دیتی ہیں، جنہیں وہ 2 ڈالر فی درجن کے حساب سے بیچتا ہے۔ لائیڈ ایک ہفتے میں انڈوں سے کتنی کمائی کرتا ہے؟,294,"<reasoning>
لائیڈ کی مرغیاں روزانہ 252 انڈے دیتی ہیں۔ ایک ہفتے میں 7 دن ہوتے ہیں، تو 252 × 7 = 1764 انڈے ہوتے ہیں۔  
انڈے درجن (12) کے حساب سے بیچے جاتے ہیں، تو 1764 ÷ 12 = 147 درجن انڈے ہوتے ہیں۔  
ہر درجن کی قیمت 2 ڈالر ہے، تو 147 × 2 = 294 ڈالر کمائی ہوتی ہے۔
</reasoning>

<SOLUTION>294 ڈالر</SOLUTION>",True
51,ٹام کی کشتی 10 میل فی گھنٹہ کی رفتار سے سفر کر سکتی ہے۔ وہ دوپہر 1 بجے سے شام 4 بجے تک سفر کرتا ہے۔ پھر وہ 6 میل فی گھنٹہ کی رفتار سے واپس آتا ہے۔ اسے واپس آنے میں کتنا وقت لگے گا؟,5,"<reasoning>
ٹام کی کشتی 10 میل فی گھنٹہ کی رفتار سے سفر کر سکتی ہے۔ وہ دوپہر 1 بجے سے شام 4 بجے تک سفر کرتا ہے۔ یہ وقت 3 گھنٹے ہے۔ اس لیے، سفر کی کل فاصلہ 10 میل فی گھنٹہ × 3 گھنٹے = 30 میل ہے۔

اب، ٹام واپس آنے کے لیے 6 میل فی گھنٹہ کی رفتار سے سفر کرے گا۔ یہ 6 میل فی گھنٹہ کی رفتار ہے، اور فاصلہ 30 میل ہے۔

واپسی کے لیے لگنے والے وقت = فاصلہ / رفتار = 30 میل / 6 میل فی گھنٹہ = 5 گھنٹے
</reasoning>

<SOLUTION>5 گھنٹے</SOLUTION>",True
52,یوریا کا بستہ اس کے لیے بہت بھاری ہو گیا ہے۔ اسے اس میں سے 15 پاؤنڈ وزن کم کرنے کی ضرورت ہے۔ اس کی ہر کامک بک کا وزن 1/4 پاؤنڈ اور ہر کھلونے کا وزن 1/2 پاؤنڈ ہے۔ اگر وہ 30 کامک بکس نکال دے، تو اسے کتنے کھلونے نکالنے پڑیں گے؟,15,"<reasoning>
یوریا کا بستہ 15 پاؤنڈ کم کرنے کی ضرورت ہے۔ ہر کامک بک کا وزن 1/4 پاؤنڈ ہے، اور ہر کھلونے کا وزن 1/2 پاؤنڈ ہے۔ اگر وہ 30 کامک بک نکال دے، تو 30 کامک بک کا وزن 30 × 1/4 = 7.5 پاؤنڈ ہوگا۔ اب 15 پاؤنڈ کم کرنے میں 7.5 پاؤنڈ کم ہو چکا ہے، اب باقی 15 - 7.5 = 7.5 پاؤنڈ کم کرنے کی ضرورت ہے۔ ہر کھلونے کا وزن 1/2 پاؤنڈ ہے، اس لیے 7.5 ÷ 1/2 = 15 کھلونے نکالنا پڑیں گے۔
</reasoning>

<SOLUTION>15 کھلونے</SOLUTION>",True
53,ایک مکینک ٹرکوں اور کاروں کے ٹائروں کی مرمت کے لیے مختلف قیمتیں وصول کرتا ہے۔ وہ ٹرک کے ہر ٹائر کی مرمت کے 60 ڈالر اور کار کے ہر ٹائر کی مرمت کے 40 ڈالر لیتا ہے۔ جمعرات کو، اس نے 6 ٹرکوں کے ٹائر اور 4 کاروں کے ٹائر مرمت کیے۔ جمعہ کو، اس نے 12 کاروں کے ٹائر مرمت کیے اور ٹرک کا کوئی ٹائر مرمت نہیں کیا۔ جس دن زیادہ آمدنی ہوئی، اس دن مکینک نے دوسرے دن کے مقابلے میں کتنی زیادہ کمائی کی؟,40,"<reasoning>
ہمیں پتا ہے کہ مکینک ٹرک کے ہر ٹائر کی مرمت کے لیے 60 ڈالر اور کار کے ہر ٹائر کی مرمت کے لیے 40 ڈالر وصول کرتا ہے۔

جمعرات کو:
- 6 ٹرکوں کے ٹائر مرمت کیے گئے، جس کی قیمت 6 × 60 = 360 ڈالر ہے۔
- 4 کاروں کے ٹائر مرمت کیے گئے، جس کی قیمت 4 × 40 = 160 ڈالر ہے۔
جمعرات کی کل آمدنی = 360 + 160 = 520 ڈالر

جمعہ کو:
- 12 کاروں کے ٹائر مرمت کیے گئے، جس کی قیمت 12 × 40 = 480 ڈالر ہے۔
- ٹرک کا کوئی ٹائر مرمت نہیں کیا گیا، اس لیے ٹرک کی قیمت 0 ہے۔
جمعہ کی کل آمدنی = 480 + 0 = 480 ڈالر

جمعرات کی آمدنی 520 ڈالر اور جمعہ کی آمدنی 480 ڈالر ہے۔
جمعرات کی آمدنی جمعہ کی آمدنی سے 520 - 480 = 40 ڈالر زیادہ ہے۔
</reasoning>

<SOLUTION>40 ڈالر</SOLUTION>",True
54,ڈاؤٹ فائر بہنیں جانوروں کی ایک مقامی پناہ گاہ سے بلی کے 7 بچے گود لے کر گھر آ رہی تھیں، جب ان کی والدہ نے فون کر کے بتایا کہ ان کی گھر کی دو بلیوں نے بھی بچے دے دیے ہیں۔ وہ بتاتی ہیں کہ پہلی بلی، پیچی نے، گود لیے گئے بچوں کی تعداد سے تین گنا بچے دیے ہیں، جبکہ دوسری بلی، ٹرکسی نے 12 بچے دیے ہیں۔ اب ڈاؤٹ فائر خاندان کے پاس کُل کتنے بلی کے بچے ہیں؟,40,"<reasoning>
ڈاؤٹ فائر بہنیں کی گود لیے گئے بلی کے 7 بچے ہیں۔  
پہلی بلی پیچی نے گود لیے گئے بچوں کی تعداد سے تین گنا بچے دیے ہیں، جو 7 × 3 = 21 ہیں۔  
دوسری بلی ٹرکسی نے 12 بچے دیے ہیں۔  
کل بچوں کی تعداد = 7 (ڈاؤٹ فائر کے بچے) + 21 (پیچی کے بچے) + 12 (ٹرکسی کے بچے) = 40
</reasoning>

<SOLUTION>40 بلی کے بچے</SOLUTION>",True
55,جین کے پاس 30 لالی پاپس ہیں۔ جین نے 2 لالی پاپس کھا لیے۔ باقی لالی پاپس کے ساتھ، جین ہر بیگ میں 2 لالی پاپس پیک کرنا چاہتا ہے۔ جین کتنے بیگ بھر سکتا ہے؟,14,"<reasoning>
جین کے پاس اب 30 - 2 = 28 لالی پاپس باقی ہیں۔ جین ہر بیگ میں 2 لالی پاپس پیک کرنا چاہتا ہے۔ اس لیے، 28 لالی پاپس کو 2 کے گروہوں میں تقسیم کرنے پر 28 ÷ 2 = 14 بیگ ملیں گے۔
</reasoning>

<SOLUTION>14 بیگ</SOLUTION>",True
56,پیٹر اس ہفتے فلم دیکھنے جانے کا منصوبہ بنا رہا ہے۔ وہ ہمیشہ 7 ڈالر کا ٹکٹ اور 7 ڈالر کے پاپ کارن لیتا ہے۔ اگر اس کے پاس ہفتے کے لیے 42 ڈالر ہیں، تو وہ کتنی بار فلم دیکھنے جا سکتا ہے؟,3,"<reasoning>
پیٹر ہر بار فلم دیکھنے کے لیے 7 ڈالر کا ٹکٹ اور 7 ڈالر کا پاپ کارن لیتا ہے۔ اس کا کل خرچ ہر بار 7 + 7 = 14 ڈالر ہوتا ہے۔ اگر اس کے پاس 42 ڈالر ہیں، تو وہ 42 ÷ 14 = 3 بار فلم دیکھنے جا سکتا ہے۔
</reasoning>

<SOLUTION>3 بار</SOLUTION>",True
57,لکڑی کا ایک پُل زیادہ سے زیادہ 5000 پاؤنڈ وزن برداشت کر سکتا ہے۔ اس پُل پر سے ایک ڈلیوری ٹرک گزرے گا جس میں ایک جیسے ڈبے لدے ہوئے ہیں، اور ہر ڈبے کا وزن 15 پاؤنڈ ہے۔ ڈرائیور اور خالی ٹرک کا ملا کر وزن 3755 پاؤنڈ ہے۔ پُل کی وزن کی حد سے تجاوز کیے بغیر ٹرک پر زیادہ سے زیادہ کتنے ڈبے لادے جا سکتے ہیں؟,83,"<reasoning>
پُل کی مجازی وزن کی حد 5000 پاؤنڈ ہے۔ ڈرائیور اور خالی ٹرک کا وزن 3755 پاؤنڈ ہے۔ اس لیے ٹرک پر لادے جانے والے ڈبے کا کل وزن 5000 - 3755 = 1245 پاؤنڈ ہو سکتا ہے۔  
ہر ڈبے کا وزن 15 پاؤنڈ ہے۔  
ٹرک پر زیادہ سے زیادہ ڈبے کی تعداد = 1245 ÷ 15 = 83  
ایک ڈبے کا وزن 15 پاؤنڈ ہے، اس لیے 83 ڈبے کا کل وزن 83 × 15 = 1245 پاؤنڈ ہوگا۔  
یہ پُل کی مجازی وزن کی حد سے کم ہے۔  
اگر 84 ڈبے لادے گئے تو کل وزن 84 × 15 = 1260 پاؤنڈ ہوگا، جو پُل کی مجازی وزن کی حد سے تجاوز کرے گا۔  
چونکہ 83 ڈبے کا وزن پُل کی مجازی حد سے کم ہے، اس لیے ٹرک پر زیادہ سے زیادہ 83 ڈبے لادے جا سکتے ہیں۔
</reasoning>

<SOLUTION>83</SOLUTION>",True
58,اسٹیفن نے گروسری کا آن لائن آرڈر کیا۔ اس کا کل بل 40.00 ڈالر بنا۔ چونکہ یہ ڈیلیوری ایک وینڈر کے ذریعے کی گئی تھی، اس لیے انہوں نے اس کے کل بل پر 25 فیصد فیس اور 3.00 ڈالر ڈیلیوری چارجز لگائے۔ اسٹیفن نے 4.00 ڈالر کی ٹپ بھی دی۔ ان اضافی چارجز کے بعد، اسٹیفن کے سودے کی کل قیمت کیا تھی؟,57,"<reasoning>
اسٹیفن کا اصل بل 40.00 ڈالر تھا۔ اس پر 25 فیصد فیس لگائی گئی، جو 40.00 × 0.25 = 10.00 ڈالر ہے۔ اس کے علاوہ 3.00 ڈالر کی ڈیلیوری چارجز اور 4.00 ڈالر کی ٹپ بھی شامل ہے۔

کل اضافی چارجز = 10.00 + 3.00 + 4.00 = 17.00 ڈالر

کل قیمت = 40.00 + 17.00 = 57.00 ڈالر
</reasoning>

<SOLUTION>57.00 ڈالر</SOLUTION>",True
59,ایک رس بھری کی جھاڑی میں 20 پھلوں کے 6 گچھے ہیں اور 67 انفرادی پھل جھاڑی پر بکھرے ہوئے ہیں۔ کل ملا کر کتنی رس بھریاں ہیں؟,187,"<reasoning>
ہمیں یہ معلوم ہے کہ 6 گچھوں میں 20 پھلوں کی رس بھری ہوئی ہیں اور 67 انفرادی پھل جھاڑی پر بکھرے ہوئے ہیں۔ ہمیں کل کتنی رس بھریاں ہیں یہ پتہ لگانا ہے۔

پہلے ہم 6 گچھوں میں 20 پھلوں کی رس بھری ہوئی ہے۔ اس کے بعد 67 انفرادی پھل بکھرے ہوئے ہیں۔ ہم ان دونوں کو ایک ساتھ جمع کریں گے۔

6 گچھوں میں 20 پھلوں کی رس بھری ہوئی ہے، اس لیے 6 × 20 = 120 رس بھری ہوئی ہیں۔

اب 120 رس بھری ہوئی ہیں اور 67 انفرادی پھل بکھرے ہوئے ہیں۔

کل رس بھریاں = 120 + 67 = 187
</reasoning>

<SOLUTION>187 رس بھریاں</SOLUTION>",True
60,ایک ٹوکری میں 25 مالٹے ہیں، جن میں سے 1 خراب، 20 فیصد کچے اور 2 کھٹے ہیں، جبکہ باقی اچھے ہیں۔ اچھے مالٹوں کی تعداد کتنی ہے؟,17,"<reasoning>
ہمیں دی گئی تعداد 25 مالٹے ہیں۔ اس میں سے 1 خراب، 20 فیصد کچے اور 2 کھٹے ہیں۔ پہلے ہم 20 فیصد کچے مالٹوں کی تعداد پتہ لگائیں گے۔

20 فیصد 25 کا ہے:
$$
20\% \times 25 = 0.20 \times 25 = 5
$$
تو 5 کچے مالٹے ہیں۔

اب ہم خراب، کچے اور کھٹے مالٹوں کی کل تعداد پتہ لگائیں گے:
$$
1 \, (\text{خراب}) + 5 \, (\text{کچے}) + 2 \, (\text{کھٹے}) = 8
$$

کل مالٹوں کی تعداد 25 ہے، تو اچھے مالٹوں کی تعداد:
$$
25 - 8 = 17
$$
</reasoning>

<SOLUTION>17</SOLUTION>",True
61,جینیٹ اپنی بیٹی کے لیے ایک بروچ خریدتی ہے۔ وہ اسے بنانے کے مواد کے لیے 500 ڈالر ادا کرتی ہے اور پھر جیولر کو اسے تیار کرنے کے لیے 800 ڈالر دیتی ہے۔ اس کے بعد، وہ اس کی انشورنس کروانے کے لیے اس رقم کا 10 فیصد ادا کرتی ہے۔ اس نے کل کتنی رقم ادا کی؟,1430,"<reasoning>
جینیٹ نے اپنی بیٹی کے لیے بروچ خریدنے کے لیے 3 مرحلے میں رقم ادا کی۔ پہلے وہ مواد کے لیے 500 ڈالر دی۔ دوسرے، جیولر کو تیار کرنے کے لیے 800 ڈالر دی۔ تیسرے، انشورنس کروانے کے لیے اس رقم کا 10 فیصد دی۔ انشورنس کے لیے دی گئی رقم 800 ڈالر کا 10 فیصد ہے، جو 80 ڈالر ہے۔ اب ہم تمام رقموں کو جمع کر کے کل رقم پتہ لگائیں گے: 500 + 800 + 80 = 1380 ڈالر۔
</reasoning>

<SOLUTION>1380 ڈالر</SOLUTION>",False
62,"اگر مارسی ایک ہی کمپنی میں 40 سال کام کرے تو اسے 50,000 ڈالر سالانہ پنشن ملتی ہے۔ 20 سال کی ملازمت کے بعد، وہ ہر اضافی سال کے لیے پنشن کی کل رقم کے 5 فیصد کی حقدار ہو جاتی ہے۔ اگر وہ 30 سال بعد نوکری چھوڑ دیتی ہے تو اس کی سالانہ پنشن کتنی ہوگی؟",25000,"<reasoning>
مارسی نے 20 سال کی ملازمت کے بعد، ہر اضافی سال کے لیے پنشن کی کل رقم کے 5 فیصد کی حقدار حاصل کر لی۔ اس کی مجموعی ملازمت کی دوسری سالگرہ 30 سال ہے، جس میں 20 سال کی ملازمت کے بعد 10 اضافی سال ہیں۔ اس لیے، اس کی سالانہ پنشن 50,000 ڈالر کے 5 فیصد یعنی 2,500 ڈالر کی حقدار ہو جاتی ہے۔
</reasoning>

<SOLUTION>2,500 ڈالر</SOLUTION>",False
63,علینہ نے ایک اسٹریمنگ سروس کی سبسکرپشن لی جو اس سے ماہانہ 140 ڈالر وصول کرتی ہے۔ اگر اسٹریمنگ کمپنی نے سال کے پہلے چھ مہینوں کے لیے اس سے یہی ابتدائی رقم وصول کی اور پھر سال کے باقی چھ مہینوں میں 10 فیصد کم رقم وصول کی، تو حساب لگائیں کہ سال کے آخر تک اس نے اسٹریمنگ سروس کے لیے کل کتنی رقم ادا کی۔,1596,"<reasoning>
علینہ نے ایک اسٹریمنگ سروس کی سبسکرپشن لی جو ماہانہ 140 ڈالر وصول کرتی ہے۔ اسٹریمنگ کمپنی نے سال کے پہلے چھ مہینوں میں ہر مہینے 140 ڈالر وصول کیا۔ پھر سال کے باقی چھ مہینوں میں 10 فیصد کم رقم وصول کی، یعنی 140 کے 10 فیصد 14 ہے، جس کو 140 سے گھٹا کر 126 ڈالر رہ جاتا ہے۔ اب ہم چھ مہینوں کے لیے 140 ڈالر اور چھ مہینوں کے لیے 126 ڈالر کا حساب لگائیں گے۔
</reasoning>

<SOLUTION>
سال کے پہلے چھ مہینوں میں 140 × 6 = 840 ڈالر  
سال کے آخری چھ مہینوں میں 126 × 6 = 756 ڈالر  
کل رقم = 840 + 756 = 1596 ڈالر  
</SOLUTION>",True
64,صوفیہ اپنی گاڑی میں ایک لمبے سفر پر جانے کا سوچ رہی ہے، اور وہ یہ جاننا چاہتی ہے کہ وہ گیس کی ایک بھری ہوئی ٹینکی میں کتنا فاصلہ طے کر سکتی ہے۔ اس نے پچھلی بار ٹینکی بھروانے کے بعد 100 میل کا سفر کیا، اور اسے دوبارہ بھرنے کے لیے 4 گیلن گیس کی ضرورت پڑی۔ اس کی گاڑی کے مینول کے مطابق، اس کی ٹینکی میں 12 گیلن گیس آتی ہے۔ صوفیہ گیس کی ایک بھری ہوئی ٹینکی میں کتنے میل کا سفر کر سکتی ہے؟,300,"<reasoning>
صوفیہ نے پچھلی بار 100 میل کا سفر کیا اور اسے 4 گیلن گیس کی ضرورت پڑی۔ یہ ہے کہ 4 گیلن گیس سے 100 میل کا سفر ممکن ہے۔ اس لیے 1 گیلن گیس سے 100/4 = 25 میل کا سفر ممکن ہے۔ اس کی ٹینکی میں 12 گیلن گیس آتی ہے، اس لیے 12 گیلن گیس سے 12 × 25 = 300 میل کا سفر ممکن ہے۔
</reasoning>

<SOLUTION>300 میل</SOLUTION>",True
65,جم 2 گھنٹے ٹی وی دیکھتا ہے اور پھر آدھے وقت کے لیے پڑھتا ہے۔ وہ یہ ہفتے میں 3 بار کرتا ہے۔ 4 ہفتوں میں وہ ٹی وی دیکھنے اور پڑھنے میں کل کتنے گھنٹے گزارتا ہے؟,36,"<reasoning>
جم 2 گھنٹے ٹی وی دیکھتا ہے اور پھر آدھے وقت کے لیے پڑھتا ہے۔ یعنی 2 گھنٹے ٹی وی دیکھتا ہے اور 1 گھنٹہ پڑھتا ہے۔ ہر دن کل 3 گھنٹے لگ جاتے ہیں (2 + 1 = 3)۔ وہ ہفتے میں 3 بار کرتا ہے، یعنی ہر ہفتے 3 × 3 = 9 گھنٹے۔ 4 ہفتوں میں 4 × 9 = 36 گھنٹے۔
</reasoning>

<SOLUTION>36 گھنٹے</SOLUTION>",True
66,ایک باسکٹ بال ٹورنامنٹ میں چار اسکول حصہ لے رہے ہیں۔ ہر اسکول نے لڑکیوں اور لڑکوں کی ایک ایک ٹیم بھیجی ہے اور ہر ٹیم میں 5 کھلاڑی ہیں۔ ہر اسکول نے ہر ٹیم کے لیے ایک کوچ بھی بھیجا ہے۔ کُل ملا کر تمام اسکولوں نے کتنے لوگ بھیجے ہیں؟,48,"<reasoning>
ہر اسکول نے دو ٹیمیں بھیجی ہیں (لڑکیوں کی ایک اور لڑکوں کی ایک)۔ ہر ٹیم میں 5 کھلاڑی ہیں، اس لیے ہر اسکول کے لیے کھلاڑیوں کی کل تعداد 5 × 2 = 10 ہے۔ اس کے علاوہ ہر ٹیم کے لیے ایک کوچ بھی بھیجا ہے، اس لیے ہر اسکول کے لیے کوچوں کی تعداد 2 ہے۔ اس طرح ہر اسکول کے لیے کل لوگوں کی تعداد 10 (کھلاڑی) + 2 (کوچ) = 12 ہے۔ چونکہ چار اسکول ہیں، تو کل لوگوں کی تعداد 12 × 4 = 48 ہے۔
</reasoning>

<SOLUTION>48</SOLUTION>",True
67,ایک خزانہ تلاش کرنے والے کو جواہرات سے بھرا ہوا ایک دفن شدہ صندوق ملا۔ اس میں 175 ہیرے، ہیروں کے مقابلے 35 کم یاقوت، اور یاقوتوں کی تعداد سے دوگنے زمرد تھے۔ صندوق میں کل کتنے جواہرات تھے؟,595,"<reasoning>
ہیرے کی تعداد 175 ہیں۔  
یاقوت کی تعداد ہیرے سے 35 کم ہے، جس کی تعداد 175 - 35 = 140 ہے۔  
زمرد کی تعداد یاقوتوں کی تعداد کی دوگنی ہے، جس کی تعداد 140 × 2 = 280 ہے۔  
کل جواہرات کی تعداد = ہیرے + یاقوت + زمرد = 175 + 140 + 280 = 595
</reasoning>

<SOLUTION>595</SOLUTION>",True
68,ڈاکٹر ورٹز کے اسکول میں لڑکوں کی تعداد لڑکیوں سے دوگنا ہے۔ اگر وہاں 60 لڑکیاں ہیں اور ہر 5 طلباء کے لیے ایک استاد ہے، تو اساتذہ کی کل تعداد کتنی ہے؟,36,"<reasoning>
ڈاکٹر ورٹز کے اسکول میں لڑکیوں کی تعداد 60 ہے۔ لڑکوں کی تعداد لڑکیوں سے دوگنا ہے، اس لیے لڑکوں کی تعداد 60 × 2 = 120 ہے۔

طلباء کی کل تعداد = لڑکیوں کی تعداد + لڑکوں کی تعداد = 60 + 120 = 180

ہر 5 طلباء کے لیے ایک استاد ہے، اس لیے استادوں کی تعداد = 180 ÷ 5 = 36
</reasoning>

<SOLUTION>36</SOLUTION>",True
69,بیلی ایک مخصوص رقم کے ساتھ شروع کرتی ہے۔ پھر اسے 8 ہفتوں کے لیے ہر ہفتے 5 ڈالر کا الاؤنس ملتا ہے۔ 8 ہفتوں کے اختتام پر، اگر اس کے پاس کل 100 ڈالر ہیں، تو بیلی نے کتنی رقم سے شروعات کی؟,60,"<reasoning>
بیلی کے پاس 8 ہفتوں کے اختتام پر 100 ڈالر ہیں۔ ہر ہفتے اسے 5 ڈالر ملے، اس لیے 8 ہفتوں میں کل 8 × 5 = 40 ڈالر ملتے ہیں۔ اس سے پہلے کی شروعاتی رقم کو پتہ لگانا ہے، جو 100 ڈالر سے 40 ڈالر کم ہوگی۔
</reasoning>

<SOLUTION>60 ڈالر</SOLUTION>",True
70,جُوڈی ہفتے کے دنوں میں روزانہ 5 ڈانس کلاسیں اور ہفتے کو 8 کلاسیں سکھاتی ہے۔ اگر ہر کلاس میں 15 طالب علم ہوں اور وہ فی طالب علم 15 ڈالر فیس لیتی ہے، تو وہ ایک ہفتے میں کتنے پیسے کماتی ہے؟,7425,"<reasoning>
جُوڈی ہفتے کے دنوں میں روزانہ 5 ڈانس کلاسیں اور ہفتے کو 8 کلاسیں سکھاتی ہے۔ ہفتے کے دنوں میں 5 کلاسیں ہوتی ہیں، جو 5 × 7 = 35 کلاسیں ہیں۔ اور ہفتے کو 8 کلاسیں ہوتی ہیں۔ اس طرح کل کلاسیں 35 + 8 = 43 ہیں۔

ہر کلاس میں 15 طالب علم ہوتے ہیں، اس لیے کل طالب علم 43 × 15 = 645 ہیں۔

وہ فی طالب علم 15 ڈالر فیس لیتی ہے، اس لیے کل پیسہ 645 × 15 = 9675 ڈالر ہے۔
</reasoning>

<SOLUTION>9675 ڈالر</SOLUTION>",False
71,کیلیان کے پاس پکوان تیار کرنے کے لیے دو ترکیبیں ہیں، ایک میں 20 ہدایات ہیں اور دوسری میں پہلی کے دوگنا ہدایات ہیں۔ دونوں پکوان تیار کرنے کے لیے کیلیان کو کُل کتنی ہدایات پڑھنی ہوں گی؟,60,"<reasoning>
کیلیان کے پاس دو ترکیبیں ہیں۔ پہلی ترکیب میں 20 ہدایات ہیں اور دوسری ترکیب میں پہلی کے دوگنا ہدایات ہیں۔ دوسری ترکیب میں 20 × 2 = 40 ہدایات ہیں۔ دونوں ترکیبوں کی ہدایات کی کل تعداد 20 + 40 = 60 ہدایات ہوں گی۔
</reasoning>

<SOLUTION>60 ہدایات</SOLUTION>",True
72,ٹامی اپنی خیراتی ادارے کے لیے 3 ڈالر فی سلائس براؤنیز اور 4 ڈالر فی سلائس چیز کیک بیچ کر فنڈ ریزنگ کر رہا ہے۔ اگر ٹامی 43 براؤنیز اور 23 سلائس چیز کیک فروخت کرتا ہے، تو وہ کُل کتنی رقم جمع کرے گا؟,221,"<reasoning>
ٹامی ہر براؤنی کے لیے 3 ڈالر اور ہر سلائس چیز کیک کے لیے 4 ڈالر کمایا۔ وہ 43 براؤنیز اور 23 سلائس چیز کیک فروخت کرتا ہے۔

پہلا، ہم 43 براؤنیز کی کمی کا حساب لگائیں:
43 × 3 = 129 ڈالر

دوسرے، 23 سلائس چیز کیک کی کمی کا حساب لگائیں:
23 × 4 = 92 ڈالر

آخر میں، دونوں کمیوں کو جمع کریں:
129 + 92 = 221 ڈالر
</reasoning>

<SOLUTION>221 ڈالر</SOLUTION>",True
73,شیلا نے 150 ڈالر فی فون کی قیمت پر پانچ موبائل فون 3 ماہ کی اقساط پر خریدے۔ ہر فون پر 2 فیصد سود وصول کیا جائے گا۔ شیلا کو 3 مہینوں تک ہر ماہ کتنی رقم ادا کرنی ہوگی؟,255,"<reasoning>
شیلا نے 150 ڈالر فی فون کی قیمت پر پانچ موبائل فون خریدے، جو کہ 150 × 5 = 750 ڈالر ہے۔  
ہر فون پر 2 فیصد سود وصول کیا جائے گا، جو کہ 750 × 2% = 15 ڈالر ہے۔  
کل قیمت 750 + 15 = 765 ڈالر ہے۔  
یہ رقم 3 ماہ کی اقساط پر تقسیم ہوگی، جو کہ 765 ÷ 3 = 255 ڈالر ہے۔  
اس طرح شیلا کو 3 مہینوں تک ہر ماہ 255 ڈالر ادا کرنے ہوں گے۔
</reasoning>

<SOLUTION>255 ڈالر</SOLUTION>",True
74,آرٹی کا فارمرز مارکیٹ میں پھولوں کا ایک اسٹال ہے۔ وہ تین قسم کے پھول بیچتا ہے: گیندا، پٹونیا اور بیگونیا۔ وہ عام طور پر گیندے کا گملہ 2.74 ڈالر، پٹونیا کا 1.87 ڈالر، اور بیگونیا کا 2.12 ڈالر میں فروخت کرتا ہے۔ آج آرٹی کے پاس کھلے پیسے نہیں ہیں، اس لیے اس نے اپنی تمام قیمتوں کو قریبی ڈالر تک راؤنڈ کرنے کا فیصلہ کیا ہے۔ اگر آرٹی گيندے کے 12، پٹونیا کے 9، اور بیگونیا کے 17 گملے فروخت کرتا ہے، تو وہ کُل کتنی رقم کمائے گا؟,88,"<reasoning>
آرٹی کے پاس تین قسم کے پھول ہیں: گیندا، پٹونیا اور بیگونیا۔ اس نے اپنی تمام قیمتوں کو قریبی ڈالر تک راؤنڈ کر دیا ہے۔

- گیندے کا گملہ 2.74 ڈالر ہے، جو 3 ڈالر تک راؤنڈ ہو جاتا ہے۔
- پٹونیا کا گملہ 1.87 ڈالر ہے، جو 2 ڈالر تک راؤنڈ ہو جاتا ہے۔
- بیگونیا کا گملہ 2.12 ڈالر ہے، جو 2 ڈالر تک راؤنڈ ہو جاتا ہے۔

آرٹی نے گیندے کے 12 گملے، پٹونیا کے 9 گملے، اور بیگونیا کے 17 گملے فروخت کیے۔

- گیندے کی کل رقم: 12 × 3 = 36 ڈالر
- پٹونیا کی کل رقم: 9 × 2 = 18 ڈالر
- بیگونیا کی کل رقم: 17 × 2 = 34 ڈالر

کل رقم = 36 + 18 + 34 = 88 ڈالر
</reasoning>

<SOLUTION>88 ڈالر</SOLUTION>",True
75,لوک ساحل سمندر پر ریت کے قلعے بنا رہا ہے۔ آخرکار وہ یہ نوٹ کرتا ہے کہ قلعے کی ہر سطح کا رقبہ اس سے نیچے کی سطح کے رقبے کا آدھا ہے۔ اگر وہ ایک 4 منزلہ قلعہ بناتا ہے جس کی سب سے اوپر کی سطح کا رقبہ 16 مربع فٹ ہے، تو ایک سطح کا اوسط رقبہ کیا ہوگا؟,60,"<reasoning>
لوک ساحل سمندر پر 4 منزلہ قلعہ بنارہا ہے۔ ہر سطح کا رقبہ اس سے نیچے کی سطح کے رقبے کا آدھا ہے۔ سب سے اوپر کی سطح کا رقبہ 16 مربع فٹ ہے۔

اس کی مدد سے ہم ہر سطح کا رقبہ نکال سکتے ہیں:
- سطح 4 (اوپر سے): 16 مربع فٹ
- سطح 3: 16 × 2 = 32 مربع فٹ
- سطح 2: 32 × 2 = 64 مربع فٹ
- سطح 1: 64 × 2 = 128 مربع فٹ

اب ہم تمام سطحوں کے رقبوں کو جمع کر کے اوسط نکالیں گے:
16 + 32 + 64 + 128 = 240 مربع فٹ

اور اوسط رقبہ:
240 ÷ 4 = 60 مربع فٹ
</reasoning>

<SOLUTION>60 مربع فٹ</SOLUTION>",True
76,سیسیلیا نے حال ہی میں ایک نیا کتا خریدا ہے۔ اس کے ویٹرنری ڈاکٹر کے مطابق، اسے پہلے 180 دنوں تک روزانہ 1 کپ کتے کا کھانا دینا ہوگا۔ پھر اسے اپنی باقی زندگی کے لیے روزانہ 2 کپ کتے کا کھانا دینا ہوگا۔ اگر ایک بیگ کتے کے کھانے میں 110 کپ ہوں، تو سیسیلیا پہلے سال میں کتنے بیگ کتے کا کھانا استعمال کرے گی؟,5,"<reasoning>
سیسیلیا کو پہلے 180 دنوں تک روزانہ 1 کپ کتا کا کھانا دینا ہوگا۔ 180 دن میں کل کپ کھانے کی مقدار 180 کپ ہوگی۔ ایک بیگ میں 110 کپ ہوتے ہیں۔ اس لیے، سیسیلیا پہلے سال میں استعمال کرنے والے بیگ کی تعداد 180 کپ / 110 کپ = 1.636... ہوگی۔ لیکن بیگ کی تعداد ایک ہی ہو سکتی ہے، اس لیے 2 بیگ استعمال کرے گی۔
</reasoning>

<SOLUTION>2 بیگ</SOLUTION>",False
77,اگر ریمونڈ سارہ کے مقابلے میں آدھی لانڈری کرتا ہے، اور سارہ ڈیوڈ سے 4 گنا زیادہ لانڈری کرتی ہے، تو اگر سارہ 400 پاؤنڈ لانڈری کرتی ہے تو ریمونڈ اور ڈیوڈ کی لانڈری کی مقدار میں فرق کا حساب لگائیں۔,100,"<reasoning>
ہمیں دو معلومات دی گئی ہیں:
1. سارہ 400 پاؤنڈ لانڈری کرتی ہے۔
2. سارہ ڈیوڈ سے 4 گنا زیادہ لانڈری کرتی ہے۔
3. ریمونڈ سارہ کے مقابلے میں آدھی لانڈری کرتا ہے۔

پہلے ہم ڈیوڈ کی لانڈری کی مقدار پتہ کریں گے۔  
کیونکہ سارہ ڈیوڈ سے 4 گنا زیادہ لانڈری کرتی ہے، اس لیے ڈیوڈ کی لانڈری کی مقدار 400 / 4 = 100 پاؤنڈ ہے۔

اب ریمونڈ کی لانڈری کی مقدار پتہ کریں گے۔  
کیونکہ ریمونڈ سارہ کے مقابلے میں آدھی لانڈری کرتا ہے، اس لیے ریمونڈ کی لانڈری کی مقدار 400 / 2 = 200 پاؤنڈ ہے۔

اب ریمونڈ اور ڈیوڈ کی لانڈری کی مقدار میں فرق یہ ہے:
200 (ریمونڈ) - 100 (ڈیوڈ) = 100 پاؤنڈ
</reasoning>

<SOLUTION>100 پاؤنڈ</SOLUTION>",True
78,ونسنٹ 3 پھولوں کا پیکٹ 2.50$ میں یا 2 پھولوں کا پیکٹ 1$ میں خرید سکتا ہے۔ بہتر قیمت پر 18 پھول خرید کر وہ کتنی رقم بچائے گا؟,6,"<reasoning>
ہمیں پتہ ہے کہ ونسنٹ 3 پھولوں کا پیکٹ 2.50$ میں یا 2 پھولوں کا پیکٹ 1$ میں خرید سکتا ہے۔ ہمیں 18 پھول خرید کر کتنی رقم بچائے گا، یہ پتہ لگانا ہے۔

ہم ہر ایک پیکٹ کی قیمت کو پھول کی سستی قیمت کے طور پر تبدیل کریں گے:
- 3 پھولوں کا پیکٹ 2.50$ میں ہے، یعنی 1 پھول کی قیمت 2.50 / 3 = 0.833$ ہے۔
- 2 پھولوں کا پیکٹ 1$ میں ہے، یعنی 1 پھول کی قیمت 1 / 2 = 0.50$ ہے۔

اس لیے، 2 پھولوں کا پیکٹ 1$ میں ہے، یہ سستا ہے۔

ہم 18 پھول خریدنا چاہتے ہیں۔ ہم 9 پیکٹ (2 پھولوں کا) خریدیں گے۔
9 پیکٹ کی قیمت 9 × 1 = 9$ ہے۔

اگر 3 پھولوں کے پیکٹ کی قیمت 2.50$ ہے، تو 6 پیکٹ (18 پھول) کی قیمت 6 × 2.50 = 15$ ہے۔

اگر ونسنٹ 2 پھولوں کے پیکٹ کی قیمت کا استعمال کرے گا تو 9$ خرچ ہوگا، اور اگر 3 پھولوں کے پیکٹ کا استعمال کرے گا تو 15$ خرچ ہوگا۔

بچی ہوئی رقم = 15$ - 9$ = 6$۔
</reasoning>

<SOLUTION>6$</SOLUTION>",True
79,جان ایک کتا گود لیتا ہے۔ وہ اسے گرومر کے پاس لے جاتا ہے، جس کی قیمت 100 ڈالر ہے۔ نیا گاہک ہونے کی وجہ سے گرومر اسے 30 فیصد رعایت دیتا ہے۔ گرومنگ پر کتنا خرچ آئے گا؟,70,"<reasoning>
جان نے گرومر کے پاس اپنا کتا لے جانا ہے، جس کی قیمت 100 ڈالر ہے۔ نیا گاہک ہونے کی وجہ سے گرومر اسے 30 فیصد رعایت دیتا ہے۔ اس رعایت کا حساب لگانے کے لیے ہم 100 ڈالر کا 30 فیصد پتہ کریں گے۔

100 ڈالر کا 30 فیصد = 100 × 0.30 = 30 ڈالر

پھر یہ رعایت 100 ڈالر سے گرائی جائے گی:

100 ڈالر - 30 ڈالر = 70 ڈالر

اس طرح، گرومنگ پر 70 ڈالر خرچ ہوں گے۔
</reasoning>

<SOLUTION>70 ڈالر</SOLUTION>",True
80,دو لڑکیوں میں سے ہر ایک کو 24 لیٹر پانی کا 1/6 حصہ ملا۔ پھر ایک لڑکے نے 6 لیٹر پانی لیا۔ کتنے لیٹر پانی باقی بچ گیا؟,10,"<reasoning>
ہر لڑکی کو 24 لیٹر کا 1/6 حصہ ملا، یعنی 24 × 1/6 = 4 لیٹر۔ دو لڑکیوں کو کل 4 + 4 = 8 لیٹر پانی ملا۔ پھر ایک لڑکے نے 6 لیٹر پانی لیا، تو باقی بچے 8 - 6 = 2 لیٹر پانی۔
</reasoning>

<SOLUTION>2 لیٹر</SOLUTION>",False
81,چارلی کے پاس 10 اسٹیکرز تھے۔ اس نے مال کے ایک اسٹور سے 21 اسٹیکرز خریدے اور اپنی سالگرہ پر 23 اسٹیکرز حاصل کیے۔ پھر چارلی نے اپنی بہن کو 9 اسٹیکرز دیے اور 28 اسٹیکرز ایک گریٹنگ کارڈ سجانے کے لیے استعمال کیے۔ اب چارلی کے پاس کتنے اسٹیکرز باقی ہیں؟,17,"<reasoning>
چارلی کے پاس ابتدائی طور پر 10 اسٹیکرز تھے۔  
اس نے مال کے ایک اسٹور سے 21 اسٹیکرز خریدے، اس لیے 10 + 21 = 31 اسٹیکرز ہو گئے۔  
اس نے سالگرہ پر 23 اسٹیکرز حاصل کیے، اس لیے 31 + 23 = 54 اسٹیکرز ہو گئے۔  
پھر اس نے اپنی بہن کو 9 اسٹیکرز دے دیے، اس لیے 54 - 9 = 45 اسٹیکرز ہو گئے۔  
اس نے 28 اسٹیکرز ایک گریٹنگ کارڈ سجانے کے لیے استعمال کیے، اس لیے 45 - 28 = 17 اسٹیکرز باقی ہو گئے۔
</reasoning>

<SOLUTION>17 اسٹیکرز</SOLUTION>",True
82,گریس کا وزن 125 پاؤنڈ ہے۔ ایلکس کا وزن گریس کے وزن کے 4 گنا سے 2 پاؤنڈ کم ہے۔ ان دونوں کا مجموعی وزن کتنے پاؤنڈ ہے؟,623,"<reasoning>
گریس کا وزن 125 پاؤنڈ ہے۔  
ایلکس کا وزن گریس کے وزن کے 4 گنا سے 2 پاؤنڈ کم ہے۔  
ایلکس کا وزن = (4 × 125) - 2 = 500 - 2 = 498 پاؤنڈ  
دونوں کا مجموعی وزن = گریس کا وزن + ایلکس کا وزن = 125 + 498 = 623 پاؤنڈ
</reasoning>

<SOLUTION>623 پاؤنڈ</SOLUTION>",True
83,ڈان نے گلاب کی 3 جھاڑیاں لگائیں۔ ہر جھاڑی پر 25 گلاب ہیں۔ ہر گلاب میں 8 کانٹے ہیں۔ کل ملا کر کتنے کانٹے ہوئے؟,600,"<reasoning>
ڈان نے 3 جھاڑیاں لگائیں۔ ہر جھاڑی پر 25 گلاب ہیں۔ اس لیے کل گلاب کی تعداد 3 × 25 = 75 ہے۔ ہر گلاب میں 8 کانٹے ہیں۔ اس لیے کل کانٹوں کی تعداد 75 × 8 = 600 ہے۔
</reasoning>

<SOLUTION>600 کانٹے</SOLUTION>",True
84,ایک فٹ بال ٹیم نے 22 میچ کھیلے۔ انہوں نے جتنے میچ ہارے، اس سے 8 زیادہ جیتے۔ بتائیں انہوں نے کل کتنے میچ جیتے؟,15,"<reasoning>
ایک فٹ بال ٹیم نے کل 22 میچ کھیلے۔ میچوں کی کل تعداد 22 ہے۔ اگر ٹیم نے x میچ ہارے تو وہ x + 8 میچ جیتے۔ کل میچوں کی تعداد ہارے میچ اور جیتے میچ کا جمع ہوتی ہے، لہذا:

x + (x + 8) = 22

دوسری طرف، ہارے میچ اور جیتے میچ کی تعداد کا جمع 22 ہے۔ اس سے ہم یہ پتہ لگا سکتے ہیں کہ ٹیم نے کتنے میچ جیتے۔
</reasoning>

<SOLUTION>15</SOLUTION>",True
85,جین پرانی یادگاری ٹی شرٹس سے ایک رضائی بنا رہا ہے۔ اس کے پاس ہر چھٹی کے لیے ایک شرٹ ہے۔ ہر شرٹ ایک الگ رضائی کا بلاک ہے۔ ہر قطار مختلف سال کی چھٹیوں کے بلاکس پر مشتمل ہے۔ وہ سال میں چار چھٹیوں پر جاتا ہے اور 23 سال کی عمر سے چھٹیاں منا رہا ہے۔ اب وہ 34 سال کا ہے۔ تو اس کے پاس مجموعی طور پر کتنے رضائی کے بلاکس ہیں؟,44,"<reasoning>
جین 23 سال کی عمر سے چھٹیاں منا رہا ہے اور اب وہ 34 سال کا ہے۔ یعنی وہ 34 - 23 = 11 سال سے چھٹیاں منا رہا ہے۔

ہر سال میں وہ 4 چھٹیاں منا تا ہے، اس لیے 11 سال میں 11 × 4 = 44 چھٹیاں ہیں۔

ہر چھٹی کے لیے ایک الگ رضائی کا بلاک ہوتا ہے، اس لیے جین کے پاس کل 44 رضائی کے بلاکس ہیں۔
</reasoning>

<SOLUTION>44</SOLUTION>",True
86,گریگ نے یاد دہانی کے طور پر ایک الارم لگایا ہے جو دن میں تین بار بجتا ہے۔ جب الارم بجتا ہے، تو وہ اس وقت تک بجتا رہتا ہے جب تک گریگ اسے بند نہ کر دے۔ آج جب پہلی بار الارم بجا، تو وہ چار بار بجا۔ دوسری بار جب الارم بجا، تو وہ پہلی بار کے مقابلے میں تین گنا زیادہ بار بجا۔ تیسری بار، وہ دوسری بار کے مقابلے میں نصف تعداد میں بجا۔ کل ملا کر الارم کتنی بار بجا؟,22,"<reasoning>
گریگ کے الارم کی ہر بار بجاؤں کی تعداد کے حساب سے:

- پہلی بار الارم چار بار بجا۔
- دوسری بار الارم پہلی بار کے مقابلے میں تین گنا زیادہ بار بجا، یعنی 4 × 3 = 12 بار بجا۔
- تیسری بار الارم دوسری بار کے مقابلے میں نصف تعداد میں بجا، یعنی 12 ÷ 2 = 6 بار بجا۔

کل الارم بجاؤں کی تعداد = 4 + 12 + 6 = 22
</reasoning>

<SOLUTION>22</SOLUTION>",True
87,ایک کمپنی اپنے ہر ملازم کو ماہانہ 600 ڈالر تنخواہ دیتی ہے۔ کمپنی کی پالیسی ہے کہ جو ملازمین پانچ سال مکمل کر لیتے ہیں، ان کی تنخواہ میں ہر سال ابتدائی تنخواہ کا 10 فیصد اضافہ کیا جاتا ہے۔ اگر سلوی نے گزشتہ دسمبر میں ہی کمپنی میں اپنے پانچ سال مکمل کیے ہیں، تو مزید تین سال کی ملازمت کے بعد اس کی سالانہ تنخواہ کیا ہوگی؟,9360,"<reasoning>
ایک ملازم کی ابتدائی تنخواہ 600 ڈالر ہے۔ جب کوئی ملازم پانچ سال مکمل کر لیتا ہے، تو اس کی تنخواہ ہر سال 10 فیصد اضافہ ہوتا ہے۔ سلوی نے گزشتہ دسمبر میں پانچ سال مکمل کر لیے ہیں، اس لیے اس کی تنخواہ سے ہر سال 10 فیصد اضافہ ہو رہا ہے۔ مزید تین سال کی ملازمت کے بعد، یعنی کل 8 سال کی ملازمت کے بعد، اس کی تنخواہ کتنی ہوگی؟

ہر سال 10 فیصد اضافہ ہوتا ہے، اس لیے ہر سال کی تنخواہ کا حساب یوں لگائیں:

- 5 ویں سال کی تنخواہ = 600 × 1.10 = 660 ڈالر
- 6 ویں سال کی تنخواہ = 660 × 1.10 = 726 ڈالر
- 7 ویں سال کی تنخواہ = 726 × 1.10 = 798.6 ڈالر
- 8 ویں سال کی تنخواہ = 798.6 × 1.10 = 878.46 ڈالر

ایسی طرح ہر سال کی تنخواہ کا حساب لگائیں، اور آخر میں 8 ویں سال کی تنخواہ ہوگی جو 878.46 ڈالر ہوگی۔
</reasoning>

<SOLUTION>878.46 ڈالر</SOLUTION>",False
88,"میرلن کے پہلے ریکارڈ کی کاپیاں ہیرالڈ کے ریکارڈ سے 10 گنا زیادہ فروخت ہوئیں۔ اگر ان دونوں نے ملا کر 88,000 کاپیاں فروخت کیں، تو ہیرالڈ نے کتنی کاپیاں فروخت کیں؟",8000,"<reasoning>
میرلن کے پہلے ریکارڈ کی کاپیاں ہیرالڈ کے ریکارڈ کی کاپیاں سے 10 گنا زیادہ فروخت ہوئیں۔ ہمیں معلوم ہے کہ دونوں کے مجموعی فروخت کی گئی کاپیاں 88,000 ہیں۔ اگر ہیرالڈ کی فروخت کی گئی کاپیاں x ہیں، تو میرلن کی فروخت کی گئی کاپیاں 10x ہیں۔ مجموعی فروخت کا معادن ہے:

x + 10x = 88,000  
11x = 88,000  
x = 88,000 ÷ 11  
x = 8,000

ایسا ہے کہ ہیرالڈ نے 8,000 کاپیاں فروخت کیں۔
</reasoning>

<SOLUTION>8,000</SOLUTION>",True
89,کرسٹینا اپنی سالگرہ کی پارٹی کی منصوبہ بندی کر رہی ہے اور اسے ہر مدعو مہمان کے لیے 0.75 گفٹ بیگز کی ضرورت ہے، کیونکہ ایک چوتھائی مہمان نہیں آتے۔ اس نے 16 دوستوں کو مدعو کیا ہے۔ ہر گفٹ بیگ کی قیمت 2 ڈالر ہے۔ وہ کل کتنا خرچ کرے گی؟,24,"<reasoning>
کرسٹینا نے 16 دوستوں کو مدعو کیا ہے۔ ہر مدعو مہمان کے لیے 0.75 گفٹ بیگز کی ضرورت ہے۔ اس لیے کل گفٹ بیگز کی تعداد ہو گی:  
16 × 0.75 = 12 گفٹ بیگز  

ہر گفٹ بیگ کی قیمت 2 ڈالر ہے۔  
تو کل خرچ ہو گا:  
12 × 2 = 24 ڈالر  
</reasoning>

<SOLUTION>24 ڈالر</SOLUTION>",True
90,ٹیڈ ٹی-ریکس، ڈائنوسار کی پکنک پر آلو کا سلاد لانے کا منصوبہ بنا رہا تھا۔ اسے معلوم ہے کہ ایک بالغ ڈائنوسار 10 پاؤنڈ آلو کا سلاد کھاتا ہے، جبکہ ایک بچہ بالغ سے آدھا کھاتا ہے۔ اگر پکنک میں 20 بالغ اور 5 بچے شریک ہوں گے، تو سب کا پیٹ بھرنے کے لیے ٹیڈ کو کتنے پاؤنڈ آلو کا سلاد لانا پڑے گا؟,225,"<reasoning>
ٹیڈ کو 20 بالغ ڈائنوساروں اور 5 بچوں کے لیے آلو کا سلاد لانا ہے۔  
- 1 بالغ ڈائنوسار 10 پاؤنڈ آلو کا سلاد کھاتا ہے۔  
- 1 بچہ ڈائنوسار بالغ سے آدھا کھاتا ہے، یعنی 10 / 2 = 5 پاؤنڈ۔  

20 بالغ ڈائنوساروں کے لیے کھانے والے آلو کی مقدار:  
20 × 10 = 200 پاؤنڈ  

5 بچوں کے لیے کھانے والے آلو کی مقدار:  
5 × 5 = 25 پاؤنڈ  

کل آلو کی مقدار:  
200 + 25 = 225 پاؤنڈ  
</reasoning>

<SOLUTION>225 پاؤنڈ</SOLUTION>",True
91,جان کے پاس مارسیا سے تین گنا زیادہ پالتو جانور ہیں۔ مارسیا کے پاس سنڈی سے دو زیادہ پالتو جانور ہیں۔ اگر سنڈی کے پاس چار پالتو جانور ہیں تو ان تینوں کے پاس کل کتنے پالتو جانور ہیں؟,28,"<reasoning>
اگر سنڈی کے پاس 4 پالتو جانور ہیں، تو مارسیا کے پاس سنڈی سے دو زیادہ پالتو جانور ہیں، یعنی 4 + 2 = 6 پالتو جانور۔  
جان کے پاس مارسیا سے تین گنا زیادہ پالتو جانور ہیں، یعنی 6 × 3 = 18 پالتو جانور۔  
اب ہم ان تینوں کے پاس کل پالتو جانور کی تعداد پتہ لگائیں:  
سنڈی کے پاس 4، مارسیا کے پاس 6، جان کے پاس 18۔  
کل = 4 + 6 + 18 = 28۔
</reasoning>

<SOLUTION>28</SOLUTION>",True
92,ایملی کے چار بچے ہیں: ایمی، جیکسن، کوری اور جیمز۔ ایمی، جیکسن سے 5 سال بڑی اور کوری سے 2 سال چھوٹی ہے۔ اگر جیمز 10 سال کا ہے اور وہ کوری سے 1 سال چھوٹا ہے، تو جیکسن کی عمر کیا ہے؟,4,"<reasoning>
ایملی کے چار بچے ہیں: ایمی، جیکسن، کوری اور جیمز۔  
ہمیں جیکسن کی عمر پتہ کرنی ہے۔  

دی گئی معلومات:  
- جیمز 10 سال کا ہے۔  
- جیمز کوری سے 1 سال چھوٹا ہے۔  
- ایمی کوری سے 2 سال چھوٹی ہے۔  
- ایمی جیکسن سے 5 سال بڑی ہے۔  

پہلے ہم کوری کی عمر پتہ کریں گے۔  
جیمز 10 سال کا ہے اور وہ کوری سے 1 سال چھوٹا ہے، تو کوری کی عمر 10 + 1 = 11 سال ہے۔  

اب ایمی کوری سے 2 سال چھوٹی ہے، تو ایمی کی عمر 11 - 2 = 9 سال ہے۔  

اگر ایمی جیکسن سے 5 سال بڑی ہے، تو جیکسن کی عمر 9 + 5 = 14 سال ہے۔  
</reasoning>

<SOLUTION>14 سال</SOLUTION>",False
93,پہلے لی، جیرالڈ کے مقابلے میں 400 میٹر ہرڈلز کی دوڑ دو سیکنڈ تیزی سے مکمل کر لیتا تھا۔ لیکن جیرالڈ نے اپنی خوراک تبدیل کی، جس سے اس کی رفتار 10 فیصد بڑھ گئی۔ اگر لی 400 میٹر ہرڈلز کی دوڑ 38 سیکنڈ میں مکمل کرتا ہے، تو اپنی بہتر خوراک کے ساتھ جیرالڈ یہ دوڑ کتنے سیکنڈ میں مکمل کر سکتا ہے؟,36,"<reasoning>
پہلے جیرالڈ کے مقابلے میں لی 400 میٹر ہرڈلز کی دوڑ دو سیکنڈ تیزی سے مکمل کر لیتا تھا۔ یعنی جیرالڈ کی دوڑ کا وقت لی کے مقابلے میں دو سیکنڈ زیادہ تھا۔ لی 400 میٹر ہرڈلز کی دوڑ 38 سیکنڈ میں مکمل کرتا ہے، تو جیرالڈ کی دوڑ کا وقت 38 + 2 = 40 سیکنڈ ہے۔

جیرالڈ نے اپنی خوراک تبدیل کی، جس سے اس کی رفتار 10 فیصد بڑھ گئی۔ یعنی اب اس کی رفتار 1.10 گنا ہو گئی۔ اس لیے، اس کا وقت 1/1.10 گنا ہو گا۔

جیرالڈ کا اب وقت = 40 × (1/1.10) = 40 ÷ 1.10 = 36.36 سیکنڈ (دو دسیمیلی سیکنڈ تک گول کر کے)۔
</reasoning>

<SOLUTION>36.36 سیکنڈ</SOLUTION>",True
94,ایک محلے میں، خرگوشوں کی تعداد پالتو کتوں اور بلیوں کی مجموعی تعداد سے بارہ کم ہے۔ اگر ہر کتے کے ساتھ دو بلیاں ہیں، اور کتوں کی تعداد 60 ہے، تو محلے میں کل کتنے پالتو جانور ہیں؟,348,"<reasoning>
محلے میں کتوں کی تعداد 60 دی گئی ہے۔ ہر کتے کے ساتھ دو بلیاں ہیں، اس لیے بلیوں کی تعداد 60 × 2 = 120 ہے۔

کتوں اور بلیوں کی مجموعی تعداد 60 + 120 = 180 ہے۔

خرگوشوں کی تعداد بلیوں اور کتوں کی مجموعی تعداد سے 12 کم ہے، اس لیے خرگوشوں کی تعداد 180 - 12 = 168 ہے۔

محلے میں کل جانور خرگوش + کتا + بلی = 168 + 60 + 120 = 348 ہیں۔
</reasoning>

<SOLUTION>348</SOLUTION>",True
95,پانچویں جماعت کے 200 طلباء میں سے 2/5 لڑکے ہیں اور لڑکیوں میں سے 2/3 گرل اسکاؤٹ میں ہیں۔ کتنی لڑکیاں گرل اسکاؤٹ میں نہیں ہیں؟,40,"<reasoning>
پانچویں جماعت کے کل طلباء 200 ہیں۔ ان میں سے 2/5 لڑکے ہیں۔ لڑکوں کی تعداد کا حساب لگائیں:
$$
\frac{2}{5} \times 200 = 80
$$
لڑکوں کی تعداد 80 ہے، اس لیے لڑکیوں کی تعداد:
$$
200 - 80 = 120
$$
لڑکیوں میں سے 2/3 گرل اسکاؤٹ میں ہیں۔ لڑکیوں میں سے گرل اسکاؤٹ کی تعداد:
$$
\frac{2}{3} \times 120 = 80
$$
لڑکیوں میں سے گرل اسکاؤٹ میں نہ ہونے والی لڑکیوں کی تعداد:
$$
120 - 80 = 40
$$
</reasoning>

<SOLUTION>40 لڑکیاں گرل اسکاؤٹ میں نہیں ہیں۔</SOLUTION>",True
96,ہیری کل رات نو گھنٹے سویا۔ اس کا دوست جیمز، ہیری کے مقابلے میں صرف دو تہائی (2/3) وقت سویا۔ ہیری، جیمز سے کتنے گھنٹے زیادہ سویا؟,3,"<reasoning>
ہیری نے کل رات 9 گھنٹے سویا۔ جیمز نے ہیری کے مقابلے میں صرف دو تہائی (2/3) وقت سویا، جو ہیری کے 9 گھنٹوں کا دو تہائی ہے۔ اس لیے جیمز نے 9 × (2/3) = 6 گھنٹے سویا۔ ہیری نے جیمز سے 9 - 6 = 3 گھنٹے زیادہ سویا۔
</reasoning>

<SOLUTION>3 گھنٹے</SOLUTION>",True
97,جب فریڈا ڈبے والے ٹماٹر پکا کر ساس بناتی ہے، تو اُن کا حجم آدھا رہ جاتا ہے۔ ٹماٹروں کے ہر 16 اونس کے ڈبے میں تین ٹماٹر ہوتے ہیں۔ فریڈا کی بنائی ہوئی ساس کی آخری کھیپ 32 اونس تھی۔ اُس نے کُل کتنے ٹماٹر استعمال کیے؟,12,"<reasoning>
فریڈا کے ڈبے والے ٹماٹر پکا کر ساس بناتی ہے، اور اُن کا حجم آدھا رہ جاتا ہے۔ یعنی ہر 16 اونس کے ڈبے میں تین ٹماٹر ہوتے ہیں، اور اُن کا حجم 8 اونس رہ جاتا ہے۔ فریڈا کی بنائی ہوئی ساس کی آخری کھیپ 32 اونس تھی۔ یعنی اُس نے کل 32 اونس ساس بنائی۔ اُس کے لیے ہر 8 اونس ساس کے لیے 3 ٹماٹر استعمال ہوتے ہیں۔ اس لیے 32 اونس ساس کے لیے 32 / 8 = 4 گنا ٹماٹر استعمال ہوتے ہیں۔ ہر گنا میں 3 ٹماٹر استعمال ہوتے ہیں، اس لیے کل 4 × 3 = 12 ٹماٹر استعمال ہوتے ہیں۔
</reasoning>

<SOLUTION>12 ٹماٹر</SOLUTION>",True
98,موٹروے پر گاڑیوں کی قطار لگ گئی ہے۔ ٹریفک جام کے پہلے 15 منٹ میں کچھ گاڑیاں گزر جاتی ہیں، پھر باقی 15 منٹ میں مزید 20 گاڑیاں گزر جاتی ہیں۔ قطار میں سے 5 گاڑیاں ٹریفک جام سے بچنے کے لیے ایک ایگزٹ سے نکل جاتی ہیں۔ اگر موٹروے پر شروع میں 30 گاڑیاں تھیں، تو پہلے 15 منٹ میں کتنی گاڑیاں ٹریفک جام سے گزریں؟,5,"<reasoning>
موٹروے پر شروع میں 30 گاڑیاں تھیں۔ ٹریفک جام کے پہلے 15 منٹ میں کچھ گاڑیاں گزر جاتی ہیں، پھر باقی 15 منٹ میں مزید 20 گاڑیاں گزر جاتی ہیں۔ اور قطار میں سے 5 گاڑیاں ٹریفک جام سے بچنے کے لیے ایک ایگزٹ سے نکل جاتی ہیں۔

ہمیں پہلے 15 منٹ میں کتنی گاڑیاں گزریں گی کا پتہ لانا ہے۔ اس کے لیے ہم یہ دیکھیں گے کہ کل گاڑیوں کی تعداد کے حساب سے کتنی گاڑیاں گزریں گی۔

کل گاڑیوں کی تعداد = 30  
15 منٹ میں گزری گاڑیاں = x  
دوسرے 15 منٹ میں گزری گاڑیاں = 20  
اگر 5 گاڑیاں نکل جاتی ہیں تو باقی گاڑیاں = 30 - 5 = 25

پس، 15 منٹ میں گزری گاڑیاں = 25 - 20 = 5  
</reasoning>

<SOLUTION>5 گاڑیاں</SOLUTION>",True
99,مریم باغبانی کی بہت شوقین ہیں۔ گزشتہ کل، انہیں اپنی پسندیدہ نرسری سے گملوں میں لگے 18 نئے پودے ملے۔ ان کے بڑے دیہی گھر کی 40 کھڑکیوں کی ہر دہلیز پر پہلے سے ہی دو پودے موجود ہیں۔ فیاضی دکھاتے ہوئے، انہوں نے فیصلہ کیا ہے کہ وہ کل ہر دہلیز سے ایک پودا اپنے دوستوں اور عزیزوں کو دے دیں گی۔ مریم کے پاس کُل کتنے پودے باقی رہ جائیں گے؟,58,"<reasoning>
مریم باغبانی کو گزشتہ کل 18 نئے پودے ملے۔ ان کے گھر میں 40 کھڑکیاں ہیں اور ہر کھڑکی پر پہلے سے ہی دو پودے موجود ہیں، جس کا مطلب ہے کہ 40 × 2 = 80 پودے ہیں۔

انہوں نے فیصلہ کیا ہے کہ کل ہر کھڑکی سے ایک پودا دیں گی، جس کا مطلب ہے کہ وہ 40 پودے دے دیں گی۔

کل پودے = 18 (نئے) + 80 (پہلے سے موجود) = 98 پودے

باقی رہنے والے پودے = 98 - 40 = 58
</reasoning>

<SOLUTION>58</SOLUTION>",True
100,ایک دن جیروم سے ملنے اس کے چار دوست آئے۔ پہلے دوست نے 20 مرتبہ ڈور بیل بجائی، جبکہ دوسرے دوست نے پہلے دوست سے 1/4 گنا زیادہ مرتبہ ڈور بیل بجائی۔ تیسرے دوست نے چوتھے دوست سے 10 مرتبہ زیادہ ڈور بیل بجائی۔ اگر چوتھے دوست نے 60 مرتبہ ڈور بیل بجائی ہو، تو ڈور بیل کل کتنی بار بجی؟,175,"<reasoning>
ہمیں چار دوستوں کی ڈور بیل کی تعداد معلوم کرنا ہے۔

- پہلے دوست نے 20 مرتبہ ڈور بیل بجائی۔
- دوسرے دوست نے پہلے دوست سے 1/4 گنا زیادہ ڈور بیل بجائی، یعنی:
  $ 20 \times \frac{1}{4} = 5 $، اس لیے دوسرے دوست نے $ 20 + 5 = 25 $ مرتبہ ڈور بیل بجائی۔
- چوتھے دوست نے 60 مرتبہ ڈور بیل بجائی۔
- تیسرے دوست نے چوتھے دوست سے 10 مرتبہ زیادہ ڈور بیل بجائی، یعنی:
  $ 60 + 10 = 70 $ مرتبہ ڈور بیل بجائی۔

اب ہم تمام تعدادوں کو جمع کریں:
- پہلے دوست: 20
- دوسرے دوست: 25
- تیسرے دوست: 70
- چوتھے دوست: 60

کل ڈور بیل کی تعداد:
$ 20 + 25 + 70 + 60 = 175 $
</reasoning>

<SOLUTION>175</SOLUTION>",True
101,سولو کو اپنی سائنس کی نصابی کتاب سے 4 صفحات، سماجی علوم کی نصابی کتاب سے 20 صفحات، تاریخ کی نصابی کتاب سے 7 صفحات اور جغرافیہ کی نصابی کتاب سے 8 صفحات پڑھنے ہیں۔ سولو نے پیر کو 15 صفحات پڑھے۔ اگر اس کے پاس اپنی ساری پڑھائی مکمل کرنے کے لیے مزید 4 دن ہیں، تو اسے اوسطاً ایک دن میں کتنے صفحات پڑھنے کی ضرورت ہے؟,6,"<reasoning>
سولو کو کل کتنے صفحات پڑھنے ہیں، اس کے لیے ہم تمام کتابوں کے صفحات کو جمع کریں گے:

- سائنس کی کتاب سے: 4 صفحات  
- سماجی علوم کی کتاب سے: 20 صفحات  
- تاریخ کی کتاب سے: 7 صفحات  
- جغرافیہ کی کتاب سے: 8 صفحات  

کل صفحات = 4 + 20 + 7 + 8 = 39 صفحات  

سولو نے پیر کو 15 صفحات پڑھ لیے، اس لیے باقی صفحات = 39 - 15 = 24 صفحات  

سولو کے پاس 4 دن ہیں، جس میں وہ 24 صفحات پڑھنا ہے۔ اس لیے اوسطاً ایک دن میں پڑھنے والے صفحات = 24 ÷ 4 = 6 صفحات
</reasoning>

<SOLUTION>6 صفحات</SOLUTION>",True
102,جان کو ناشتے، دوپہر کے کھانے اور رات کے کھانے کے ساتھ ایک گلاس پانی پینا پسند ہے۔ آخر میں، وہ سونے سے پہلے بھی ایک گلاس پیتا ہے۔ جان ہفتے کے عام دنوں میں ایسا کرتا ہے، لیکن ہفتے کے آخر میں وہ آرام کرنا اور رات کے کھانے میں (پانی کی بجائے) سوڈا پینا پسند کرتا ہے۔ جان ایک ہفتے میں پانی کے کتنے گلاس پیتا ہے؟,26,"<reasoning>
جان ہفتے کے ہر دن ناشتے، دوپہر کے کھانے، رات کے کھانے اور سونے سے پہلے ایک گلاس پانی پیتا ہے۔ یہ 4 گلاس پانی ہر دن ہوتا ہے۔  
ہفتے کے 7 دن میں، 4 گلاس پانی کی 7 دن کی مجموعی مقدار 7 × 4 = 28 گلاس ہوتی ہے۔  
لیکن ہفتے کے آخر میں، جان رات کے کھانے میں سوڈا پیتا ہے، جس کی جگہ پانی نہیں پیتا۔ یعنی ایک دن کے پانی کی 1 گلاس کم ہوتی ہے۔  
تو، 28 - 1 = 27 گلاس پانی ہوتے ہیں۔
</reasoning>

<SOLUTION>27 گلاس</SOLUTION>",False
103,دھند کی ایک لہر سمندر کی طرف سے ایک شہر پر چھا رہی ہے۔ اسے ہر 3 میل کا فاصلہ طے کرنے میں 10 منٹ لگتے ہیں۔ اگر یہ شہر ساحل سے لے کر اپنے دوسرے سرے تک 42 میل چوڑا ہے، تو دھند کو پورے شہر پر چھانے میں کتنے منٹ لگیں گے؟,140,"<reasoning>
دھند کی ایک لہر ہر 3 میل کا فاصلہ طے کرنے میں 10 منٹ لگاتی ہے۔ یہ شہر 42 میل چوڑا ہے۔ ہمیں پتہ چلنا ہے کہ دھند کو شہر کے پورے فاصلے پر چھانے میں کتنے منٹ لگیں گے۔

ہر 3 میل کے لیے 10 منٹ لگتے ہیں، تو 1 میل کے لیے لگنے والے منٹ کا حساب یوں ہوگا:
$$
\frac{10}{3} \approx 3.33 \text{ منٹ}
$$

اب 42 میل کے لیے منٹ کا حساب یوں ہوگا:
$$
42 \times \frac{10}{3} = 140 \text{ منٹ}
$$

اپنے دوسرے سرے تک پہنچنے کے لیے دھند کو 140 منٹ لگیں گے۔
</reasoning>

<SOLUTION>140 منٹ</SOLUTION>",True
104,پوپی 1000 ٹکڑوں والی ایک جیگسا پزل جوڑ رہی ہے۔ اس نے ایک چوتھائی ٹکڑے لگا دیے، پھر اس کی امی نے باقی ٹکڑوں میں سے ایک تہائی لگا دیے۔ اب کتنے ٹکڑے لگانا باقی ہیں؟,500,"<reasoning>
پوپی نے 1000 ٹکڑوں والی جیگسا پزل کا ایک چوتھائی لگا دیا، جو 1000 کا 1/4 ہے۔  
1000 × 1/4 = 250 ٹکڑے۔  

پھر اس کی امی نے باقی ٹکڑوں میں سے ایک تہائی لگا دیا۔ باقی ٹکڑے 1000 - 250 = 750 ہیں۔  
750 کا ایک تہائی 750 × 1/3 = 250 ہے۔  

کل لگے ٹکڑے = 250 (پوپی کے) + 250 (امی کے) = 500 ٹکڑے۔  

باقی ٹکڑے = 1000 - 500 = 500 ہیں۔
</reasoning>

<SOLUTION>500 ٹکڑے</SOLUTION>",True
105,کوڈی عامر سے تین گنا زیادہ کوکیز کھاتا ہے۔ اگر عامر 5 کوکیز کھاتا ہے تو دونوں مل کر کتنی کوکیز کھاتے ہیں؟,20,"<reasoning>
اگر عامر 5 کوکیز کھاتا ہے اور کوڈی عامر سے تین گنا زیادہ کوکیز کھاتا ہے، تو کوڈی کی کوکیز کی تعداد 5 × 3 = 15 ہے۔  
دونوں کی کوکیز کی کل تعداد 5 (عامر) + 15 (کوڈی) = 20 ہے۔
</reasoning>

<SOLUTION>20 کوکیز</SOLUTION>",True
106,جان کے پاس 3 ڈبے ہیں۔ ہر ڈبہ 5 انچ لمبا، 6 انچ چوڑا اور 4 انچ اونچا ہے۔ ڈبوں کی دیواریں 1 انچ موٹی ہیں۔ تینوں ڈبوں کا کل اندرونی حجم کیا ہے؟,72,"<reasoning>
ہر ڈبہ کا بیرونی اکار 5 انچ (طول) × 6 انچ (چوڑائی) × 4 انچ ( اونچائی) ہے۔ ڈبوں کی دیواریں 1 انچ موٹی ہیں، اس لیے اندرونی اکار کا حساب یوں ہوگا:  
- اندرونی طول = 5 - 2 = 3 انچ  
- اندرونی چوڑائی = 6 - 2 = 4 انچ  
- اندرونی اونچائی = 4 - 2 = 2 انچ  

ایک ڈبے کا اندرونی حجم = 3 × 4 × 2 = 24 کوبی انچ  
تین ڈبوں کا کل اندرونی حجم = 24 × 3 = 72 کوبی انچ  
</reasoning>

<SOLUTION>72 کوبی انچ</SOLUTION>",True
107,فرینکی ہر رات اپنا ہوم ورک ختم کرنے کے بعد ٹی وی دیکھتا ہے۔ پیر اور منگل کو، اس نے ہر رات اپنے پسندیدہ شو کی ایک ایک گھنٹے کی قسط دیکھی۔ بدھ کو، اس نے ایک 30 منٹ کے شو کی چند اقساط دیکھیں۔ جمعرات کو، اس نے اپنا ہوم ورک جلدی ختم کر لیا اور ایک گھنٹے کی ایک قسط اور ایک 30 منٹ کا شو دیکھا۔ جمعہ کو، ویک اینڈ کی وجہ سے وہ دیر تک جاگا، اس لیے اس نے دو ایک گھنٹے کی اقساط دیکھیں۔ اگر اس نے کل ملا کر 7 گھنٹے ٹی وی دیکھا، تو بدھ کو اس نے 30 منٹ کی کتنی اقساط دیکھیں؟,3,"<reasoning>
فرینکی کی ہر روز ٹی وی دیکھنے کی مدت کا مجموعہ 7 گھنٹے ہے۔ ہم اس کی ہر دن کی ٹی وی دیکھنے کی مدت کا حساب لگائیں گے:

- پیر اور منگل: 2 دن × 1 گھنٹہ = 2 گھنٹے
- جمعرات: 1 گھنٹہ + 30 منٹ = 1.5 گھنٹے
- جمعہ: 2 × 1 گھنٹہ = 2 گھنٹے

کل مجموعہ: 2 + 1.5 + 2 = 5.5 گھنٹے

بدھ کو دیکھنے والی مدت = کل مجموعہ - دیکھنے والی دیگر دنوں کی مدت  
= 7 - 5.5 = 1.5 گھنٹے

بدھ کو 30 منٹ کے شو کی کتنی اقساط دیکھی گئیں؟  
1 گھنٹہ = 60 منٹ  
1.5 گھنٹے = 90 منٹ  
30 منٹ کے شو کی 90 ÷ 30 = 3 اقساط

</reasoning>

<SOLUTION>3</SOLUTION>",True
108,ہنری ایک مقامی بیکنگ مقابلے کے لیے کوکیز بنا رہا ہے۔ وہ پچھلے سال کے مقابلے میں دگنی کوکیز بنانا چاہتا ہے۔ جب وہ بیکنگ مکمل کر لیتا ہے، تو اسے احساس ہوتا ہے کہ اس نے اپنے ارادے سے 15 کوکیز زیادہ بنا لی ہیں۔ انہیں ٹھنڈا کرنے کے لیے رکھتے ہوئے اس سے 5 کوکیز گر جاتی ہیں، اور اب اس کے پاس کل 110 کوکیز بچی ہیں۔ ہنری نے پچھلے سال کتنی کوکیز بنائی تھیں؟,50,"<reasoning>
ہنری نے پچھلے سال کے مقابلے میں دگنی کوکیز بنانا چاہتا ہے۔ اسے اپنے ارادے سے 15 کوکیز زیادہ بن گئیں۔ اس کے بعد 5 کوکیز گر گئیں اور اس کے پاس 110 کوکیز بچ گئیں۔ ہمیں پچھلے سال کی کوکیز کی تعداد پتہ لانا ہے۔

ہنری کی اصل تعداد = 110 + 5 = 115 کوکیز  
اگر ہنری نے پچھلے سال کی تعداد x کوکیز بنائی ہوئی ہے، تو اس سال اس نے 2x + 15 کوکیز بنائی۔  
اگر ہم یہ جانتے ہیں کہ 2x + 15 = 115، تو ہم اس کو حل کر کے x پتہ لاسکتے ہیں۔
</reasoning>

<SOLUTION>40 کوکیز</SOLUTION>",False
109,ایک مقامی گیس اسٹیشن 3.00 ڈالر فی گیلن کے حساب سے گیس فروخت کر رہا ہے۔ اگر آپ اس اسٹیشن پر گیس بھرتے ہیں تو ایک ایپ کمپنی فی گیلن 20 سینٹ کیش بیک کی پیشکش کر رہی ہے۔ اگر کوئی 10 گیلن گیس خریدتا ہے تو کیش بیک انعامات کے بعد اس کی گیس کی قیمت کتنی ہوگی؟,28,"<reasoning>
ایک گیلن گیس کی قیمت 3.00 ڈالر ہے۔ ایپ کمپنی فی گیلن 20 سینٹ کیش بیک پیشکش کر رہی ہے۔ یہ 0.20 ڈالر کے برابر ہے۔

ایک گیلن کی گیس کی قیمت 3.00 ڈالر ہے اور کیش بیک 0.20 ڈالر ہے، تو اس کی کل قیمت 3.00 - 0.20 = 2.80 ڈالر ہوگی۔

اگر کوئی 10 گیلن گیس خریدتا ہے تو کل قیمت 10 × 2.80 = 28.00 ڈالر ہوگی۔
</reasoning>

<SOLUTION>28.00 ڈالر</SOLUTION>",True
110,مارسل اور بیٹرس کے درمیان یہ مقابلہ ہو رہا ہے کہ کون سب سے زیادہ فروٹ رول-اپس کھا سکتا ہے، چنانچہ وہ جتنے بھی ڈھونڈ پاتے ہیں انہیں کھول لیتے ہیں۔ بدقسمتی سے، ایک غلطی ہو جاتی ہے اور بیٹرس کا رول-اپ 2 رول-اپس چوڑا اور 24 رول-اپس لمبا تھا، جبکہ مارسل کا 3 رول-اپس چوڑا اور 14 رول-اپس لمبا تھا۔ اگر ان دونوں نے اپنی پوری مقدار کھا لی، تو انہوں نے اوسطاً کتنے رول-اپس کھائے؟,45,"<reasoning>
مارسل اور بیٹرس دونوں نے اپنی پوری مقدار کھا لی۔ ہمیں انہوں نے کتنے رول-اپس کھائے اس کا اوسط پتہ لانا ہے۔

بیٹرس کے رول-اپس کی تعداد: 2 رول-اپس چوڑا اور 24 رول-اپس لمبا = 2 + 24 = 26 رول-اپس

مارسل کے رول-اپس کی تعداد: 3 رول-اپس چوڑا اور 14 رول-اپس لمبا = 3 + 14 = 17 رول-اپس

کل رول-اپس کی تعداد = 26 + 17 = 43

دو نے کھائے گئے رول-اپس کی تعداد = 43

اوسط = کل رول-اپس / 2 = 43 / 2 = 21.5

اوسطاً 21.5 رول-اپس کھائے گئے۔
</reasoning>

<SOLUTION>21.5 رول-اپس</SOLUTION>",False
111,جب جولیا جھیل میں تھی تو اس کی کشتی میں سوراخ ہو گیا۔ ساحل کی طرف واپس آتے ہوئے، ہر دس فٹ کا فاصلہ طے کرنے پر کشتی میں دو لیٹر پانی بھر جاتا تھا۔ اسے بیس فٹ کا فاصلہ طے کرنے میں سولہ سیکنڈ لگتے تھے۔ ساحل 64 سیکنڈ کی دوری پر تھا۔ جولیا کے ساحل پر پہنچنے تک کشتی میں کتنا پانی بھر چکا تھا؟,16,"<reasoning>
جولیا کی کشتی میں ہر دس فٹ کے فاصلے پر دو لیٹر پانی بھر جاتا تھا۔ اسے بیس فٹ کا فاصلہ طے کرنے میں 16 سیکنڈ لگتے تھے۔ ساحل 64 سیکنڈ کی دوری پر تھا، جو 4 بیس فٹ کے فاصلے کے برابر ہے۔

ہر بیس فٹ کے فاصلے پر 2 لیٹر پانی بھر جاتا ہے، اس لیے 4 بیس فٹ کے فاصلے پر 4 × 2 = 8 لیٹر پانی بھر جائے گا۔
</reasoning>

<SOLUTION>8 لیٹر</SOLUTION>",False
112,ایک کلاس روم میں ایک وائٹ بورڈ ہے جسے 4 اساتذہ باری باری استعمال کرتے ہیں۔ ہر استاد روزانہ دو اسباق پڑھاتا ہے اور ہر سبق میں وائٹ بورڈ استعمال کرتا ہے۔ اگر وائٹ بورڈ کو ہر سبق میں 3 بار صاف کیا جاتا ہے، تو ایک دن میں وائٹ بورڈ کل کتنی بار صاف کیا جاتا ہے؟,24,"<reasoning>
ہر استاد روزانہ دو اسباق پڑھاتا ہے اور ہر سبق میں وائٹ بورڈ استعمال کرتا ہے۔ ہر سبق میں وائٹ بورڈ 3 بار صاف کیا جاتا ہے۔ اس طرح ہر استاد روزانہ 2 سبکوں میں 3 بار صاف کرے گا۔ یعنی 2 × 3 = 6 بار۔ چونکہ 4 اساتذہ ہیں، تو کل 4 × 6 = 24 بار صاف کیا جاتا ہے۔
</reasoning>

<SOLUTION>24 بار</SOLUTION>",True
113,ریان اپنے باغ میں روزانہ 2 پھول لگاتا ہے۔ 15 دن کے بعد، اگر 5 پھول نہیں اگتے تو اس کے پاس کتنے پھول ہوں گے؟,25,"<reasoning>
ریان روزانہ 2 پھول لگاتا ہے، اس لیے 15 دن میں اس کے پاس 15 × 2 = 30 پھول ہوں گے۔ لیکن 5 پھول نہیں اگتے، اس لیے کل پھول کی تعداد 30 - 5 = 25 ہوں گے۔
</reasoning>

<SOLUTION>25 پھول</SOLUTION>",True
114,جمال کے فون میں برٹنی کے فون سے 6 گنا زیادہ تصاویر رکھنے کی گنجائش ہے۔ برٹنی کے فون میں تصاویر رکھنے کی زیادہ سے زیادہ گنجائش، جمال کی چڑیا گھر میں بطخوں والی تصویر میں موجود پرندوں کی تعداد سے 50 گنا زیادہ ہے۔ اگر جمال کے فون میں 1800 تصاویر رکھنے کی گنجائش ہے، تو جمال کی چڑیا گھر میں بطخوں والی تصویر میں کتنی بطخیں دیکھی جا سکتی ہیں؟,6,"<reasoning>
ہمیں دو معلومات دی گئی ہیں:

1. جمال کے فون میں تصاویر کی گنجائش برٹنی کے فون سے 6 گنا زیادہ ہے۔
2. برٹنی کے فون میں تصاویر کی گنجائش جمال کی چڑیا گھر میں بطخوں والی تصویر میں موجود پرندوں کی تعداد سے 50 گنا زیادہ ہے۔
3. جمال کے فون میں تصاویر کی گنجائش 1800 ہے۔

ہمیں جمال کی چڑیا گھر میں بطخوں والی تصویر میں کتنی بطخیں دیکھی جا سکتی ہیں، یعنی پرندوں کی تعداد پوچھی گئی ہے۔

اگر جمال کے فون میں 1800 تصاویر کی گنجائش ہے، تو برٹنی کے فون میں تصاویر کی گنجائش 1800 / 6 = 300 ہوگی۔

اب برٹنی کے فون میں تصاویر کی گنجائش جمال کی چڑیا گھر میں بطخوں والی تصویر میں موجود پرندوں کی تعداد سے 50 گنا زیادہ ہے، اس لیے:

300 = 50 × (بطخوں کی تعداد)

بطخوں کی تعداد = 300 / 50 = 6

</reasoning>

<SOLUTION>6</SOLUTION>",True
115,ساشا نے غور کیا کہ لکڑی خریدنے کے چند ماہ بعد اس کی قیمتوں میں 50 فیصد اضافہ ہو گیا ہے۔ چونکہ اس کے پاس کچھ لکڑی بچی ہوئی ہے، اس لیے وہ اسے بیچنے کا فیصلہ کرتی ہے۔ اس کے پاس 10x4x2 سائز کے دس تختے ہیں جو اسے 10 ڈالر فی تختہ ملے تھے۔ اس کے علاوہ اس کے پاس 10x4x4 سائز کے پانچ تختے ہیں جو اس نے 16 ڈالر فی تختہ کے حساب سے خریدے تھے۔ اگر وہ یہ تمام تختے بیچ دیتی ہے، تو اسے کتنا منافع ہوگا؟,90,"<reasoning>
ساشا کے پاس 10x4x2 سائز کے دس تختے ہیں جو اس نے 10 ڈالر فی تختہ کے حساب سے خریدے تھے، اس لیے اس کی کل خریداری کی قیمت 10 × 10 = 100 ڈالر ہے۔

10x4x4 سائز کے پانچ تختے ہیں جو اس نے 16 ڈالر فی تختہ کے حساب سے خریدے تھے، اس لیے اس کی کل خریداری کی قیمت 5 × 16 = 80 ڈالر ہے۔

کل خریداری کی قیمت = 100 + 80 = 180 ڈالر

اب اس کے پاس 10x4x2 سائز کے دس تختے ہیں جو اس کی قیمتوں میں 50 فیصد اضافہ ہو گیا ہے، اس لیے اس کی فروخت کی قیمت 10 × 1.5 = 15 ڈالر ہو گی۔

10x4x4 سائز کے پانچ تختے ہیں جو اس کی قیمتوں میں 50 فیصد اضافہ ہو گیا ہے، اس لیے اس کی فروخت کی قیمت 16 × 1.5 = 24 ڈالر ہو گی۔

کل فروخت کی قیمت = (10 × 15) + (5 × 24) = 150 + 120 = 270 ڈالر

منافع = فروخت کی قیمت - خریداری کی قیمت = 270 - 180 = 90 ڈالر
</reasoning>

<SOLUTION>90 ڈالر</SOLUTION>",True
116,کیٹی 7:13 کے تناسب سے چینی کے چمچ اور پانی کے کپ استعمال کرکے کافی بناتی ہے۔ اگر اس نے کل 120 چائے کے چمچ چینی اور پانی کے کپ استعمال کیے ہیں، تو یہ معلوم کریں کہ اس نے کتنے چائے کے چمچ چینی استعمال کیے۔,42,"<reasoning>
کیٹی کی چینی اور پانی کے تناسب 7:13 ہے۔ یعنی 7 حصوں چینی اور 13 حصوں پانی استعمال ہوتا ہے۔ کل استعمال ہونے والے چمچ 120 ہیں۔

تناسب کے مجموعہ حصے = 7 + 13 = 20 حصے

چینی کے حصے = 7/20

چینی کے استعمال ہونے والے چمچ = (7/20) × 120 = 42

</reasoning>

<SOLUTION>42 چائے کے چمچ</SOLUTION>",True
117,جان اپنے تینوں بچوں میں سے ہر ایک کے لیے جوتوں کے دو جوڑے خریدتا ہے۔ ہر جوڑے کی قیمت 60 ڈالر ہے۔ اس نے کل کتنی رقم ادا کی؟,360,"<reasoning>
جان نے تینوں بچوں میں سے ہر ایک کے لیے دو جوڑے جوتوں کے خریدے۔ یعنی 3 بچے × 2 جوڑے = 6 جوڑے۔ ہر جوڑے کی قیمت 60 ڈالر ہے۔ تب کل رقم = 6 جوڑے × 60 ڈالر = 360 ڈالر۔
</reasoning>

<SOLUTION>360 ڈالر</SOLUTION>",True
118,سی سائیڈ کلیئرنس کی مرکزی بندرگاہ پر ایک کسٹمز افسر نے درآمد شدہ گاڑیوں کے 2 کنٹینر گنے، جن میں سے ہر ایک میں 5 گاڑیاں تھیں۔ اگلے دن، مزید کنٹینر لائے گئے اور بندرگاہ پر گاڑیوں کی کل تعداد 30 ہو گئی۔ حساب لگائیں کہ دوسرے دن کتنے کنٹینر درآمد کیے گئے، یہ فرض کرتے ہوئے کہ تمام کنٹینروں میں 5 گاڑیاں ہیں۔,4,"<reasoning>
اول ہر کنٹینر میں 5 گاڑیاں ہیں۔ پہلے دن 2 کنٹینر گنے گئے، جن میں ہر ایک میں 5 گاڑیاں تھیں۔ اس طرح پہلے دن کل 2 × 5 = 10 گاڑیاں تھیں۔ دوسرے دن بعد میں کنٹینر لائے گئے اور کل 30 گاڑیاں ہو گئیں۔ یہ یعنی کہ دوسرے دن کے کنٹینروں میں 30 - 10 = 20 گاڑیاں تھیں۔ اگر ہر کنٹینر میں 5 گاڑیاں ہیں، تو دوسرے دن کنٹینر کی تعداد 20 ÷ 5 = 4 ہو گئی۔
</reasoning>

<SOLUTION>4 کنٹینر</SOLUTION>",True
119,ایڈرین کی کل تنخواہ لائلہ سے 30 فیصد زیادہ تھی۔ چار سال بعد، اس کی تنخواہ میں اضافہ ہوا، اور وہ چار سال پہلے کی اپنی تنخواہ سے 40 فیصد زیادہ کما رہا تھا۔ اگر ایڈرین اور لائلہ کی تنخواہوں میں ایک ساتھ اضافہ ہوا، اور ایڈرین چار سال پہلے 40000 ڈالر کما رہا تھا، تو حساب لگائیں کہ چار سال بعد وہ دونوں کل کتنی تنخواہ وصول کر رہے تھے؟,95200,"<reasoning>
ایڈرین کی چار سال پہلے کی تنخواہ 40000 ڈالر تھی۔ لائلہ کی تنخواہ ایڈرین سے 30 فیصد کم تھی، اس لیے لائلہ کی تنخواہ 40000 × (1 - 0.30) = 40000 × 0.70 = 28000 ڈالر تھی۔

چار سال بعد، ایڈرین کی تنخواہ چار سال پہلے کی تنخواہ سے 40 فیصد زیادہ ہو گئی، اس لیے ایڈرین کی چار سال بعد کی تنخواہ 40000 × (1 + 0.40) = 40000 × 1.40 = 56000 ڈالر ہو گئی۔

چار سال بعد، لائلہ کی تنخواہ ایڈرین کی تنخواہ سے 30 فیصد کم ہو گئی، اس لیے لائلہ کی چار سال بعد کی تنخواہ 56000 × (1 - 0.30) = 56000 × 0.70 = 39200 ڈالر ہو گئی۔

چار سال بعد دونوں کی کل تنخواہ 56000 + 39200 = 95200 ڈالر ہو گئی۔
</reasoning>

<SOLUTION>95200 ڈالر</SOLUTION>",True
120,میگوئل اپنی ڈرائنگ کے لیے ہر ہفتے کاغذ کے 2 پیڈ استعمال کرتا ہے۔ اگر کاغذ کے ایک پیڈ میں 30 شیٹیں ہوں، تو وہ ہر مہینے کاغذ کی کتنی شیٹیں استعمال کرتا ہے؟,240,"<reasoning>
میگوئل ہر ہفتے 2 پیڈ کاغذ استعمال کرتا ہے۔ ایک پیڈ میں 30 شیٹیں ہوتی ہیں۔ اس لیے ہر ہفتے وہ 2 × 30 = 60 شیٹیں استعمال کرتا ہے۔  
ایک مہینے میں 4 ہفتوں ہوتے ہیں۔ اس لیے ہر مہینے وہ 4 × 60 = 240 شیٹیں استعمال کرتا ہے۔
</reasoning>

<SOLUTION>240 شیٹیں</SOLUTION>",True
121,موریسیٹ اور کیل سے پھل لانے کو کہا گیا۔ موریسیٹ 5 سیب اور 8 مالٹے لائی، جبکہ کیل، موریسیٹ کے مقابلے میں دگنے سیب اور آدھے مالٹے لایا۔ ان دونوں کے پاس کل کتنے پھل ہیں؟,27,"<reasoning>
موریسیٹ نے 5 سیب اور 8 مالٹے لائے۔  
کیل نے موریسیٹ کے مقابلے میں دگنے سیب (5 × 2 = 10 سیب) اور آدھے مالٹے (8 ÷ 2 = 4 مالٹے) لائے۔  
کل سیب = 5 + 10 = 15  
کل مالٹے = 8 + 4 = 12  
کل پھل = 15 + 12 = 27  
</reasoning>

<SOLUTION>27 پھل</SOLUTION>",True
122,سعدیہ پیر کو 8 گھنٹے سوئی۔ اگلے دو دن، کچھ اسائنمنٹس مکمل کرنے کی وجہ سے وہ ہر روز 2 گھنٹے کم سوئی۔ اگر ہفتے کے باقی دنوں میں وہ ان دو دنوں سے 1 گھنٹہ زیادہ سوئی، تو اس نے پورے ہفتے میں کُل کتنے گھنٹے نیند لی؟,48,"<reasoning>
سعدیہ پیر کو 8 گھنٹے سوئی۔  
اگلے دو دن (منگل اور Wednesday)، وہ ہر روز 2 گھنٹے کم سوئی، یعنی 8 - 2 = 6 گھنٹے۔  
اگلے دو دن کے لیے کل 6 × 2 = 12 گھنٹے۔  
ہفتے کے باقی دنوں (جمعرات، جمعہ، اور شنبہ) میں وہ ان دو دنوں سے 1 گھنٹہ زیادہ سوئی، یعنی 6 + 1 = 7 گھنٹے۔  
ہفتے کے باقی دنوں کے لیے کل 7 × 3 = 21 گھنٹے۔  
کل گھنٹے = پیر کے 8 گھنٹے + اگلے دو دنوں کے 12 گھنٹے + باقی دنوں کے 21 گھنٹے = 8 + 12 + 21 = 41 گھنٹے۔
</reasoning>

<SOLUTION>41 گھنٹے</SOLUTION>",False
123,روزی 10 میل فی گھنٹہ کی رفتار سے 3 گھنٹے تک دوڑ سکتی ہے۔ اس کے بعد، وہ 5 میل فی گھنٹہ کی رفتار سے دوڑتی ہے۔ وہ 7 گھنٹوں میں کل کتنا فاصلہ طے کر سکتی ہے؟,50,"<reasoning>
اگر کوئی شخص روزی 10 میل فی گھنٹہ کی رفتار سے 3 گھنٹے تک دوڑ سکتی ہے، تو اس کی پہلی 3 گھنٹوں میں طے کردہ فاصلہ ہوگا:
$$ 10 \, \text{میل/گھنٹہ} \times 3 \, \text{گھنٹے} = 30 \, \text{میل} $$

پھر وہ 5 میل فی گھنٹہ کی رفتار سے دوڑتی ہے، اور کل 7 گھنٹے میں دوڑتی ہے۔ پہلے 3 گھنٹے کے بعد باقی گھنٹے ہوں گے:
$$ 7 - 3 = 4 \, \text{گھنٹے} $$

ان 4 گھنٹوں میں طے کردہ فاصلہ ہوگا:
$$ 5 \, \text{میل/گھنٹہ} \times 4 \, \text{گھنٹے} = 20 \, \text{میل} $$

کل طے کردہ فاصلہ:
$$ 30 \, \text{میل} + 20 \, \text{میل} = 50 \, \text{میل} $$
</reasoning>

<SOLUTION>50 میل</SOLUTION>",True
124,جینی اپنی ماں کے دفتر میں مدد کر رہی ہے۔ اس کے پاس 60 خطوط کا ایک ڈھیر ہے جن پر ڈاک ٹکٹ لگنے ہیں، اور ایک ڈھیر ان خطوط کا ہے جن پر پہلے سے ٹکٹ لگے ہوئے ہیں۔ وہ ان خطوط میں سے ایک تہائی پر ٹکٹ لگا دیتی ہے جنہیں ڈاک ٹکٹ کی ضرورت تھی۔ اگر اب ٹکٹ لگے ہوئے خطوط کے ڈھیر میں 30 خطوط ہیں، تو جب جینی نے شروع کیا تھا تو اس ڈھیر میں کتنے خطوط تھے؟,10,"<reasoning>
جینی کے پاس ابتدائی طور پر 60 خطوط کا ایک ڈھیر تھا جن پر ڈاک ٹکٹ لگنے ہیں۔ اس نے ان میں سے ایک تہائی پر ٹکٹ لگا دیا، جو 60 کی ایک تہائی ہے، یعنی 20 خطوط۔ اب ٹکٹ لگے ہوئے خطوط کے ڈھیر میں 30 خطوط ہیں۔ یہ ڈھیر ابتدائی طور پر موجودہ خطوط کے ڈھیر سے 20 خطوط کے اضافے کی وجہ سے ہے۔ اس لیے، ابتدائی طور پر ڈھیر میں 30 - 20 = 10 خطوط تھے۔
</reasoning>

<SOLUTION>10 خطوط</SOLUTION>",True
125,جولیا اپنے گھر میں ایک عشائیے کی تیاری کر رہی تھی، جہاں اس کا ارادہ تھا کہ وہ سٹو پیش کرے۔ اس نے محسوس کیا کہ اس کے پاس پلاسٹک کے چمچ ختم ہو چکے ہیں، اس لیے اس نے چمچوں کا ایک نیا پیکج خریدا۔ بعد میں، اس کے شوہر نے بھی 5 نئے چمچوں کا ایک پیکج خریدا اور انہیں جولیا کو دے دیا۔ جب جولیا سٹو بنا رہی تھی، تو اس نے اپنے سٹو کا ذائقہ چکھنے کے لیے تین چمچ استعمال کیے۔ بعد میں، جب وہ میز لگانے گئی تو اس کے پاس کل 12 چمچ تھے۔ جولیا نے جو پیکج خریدا تھا، اس میں کتنے چمچ تھے؟,10,"<reasoning>
جولیا نے پہلے ایک پیکج چمچ خریدا۔ پھر اس کے شوہر نے 5 نئے چمچوں کا ایک پیکج خریدا اور جولیا کو دے دیا۔ اس طرح جولیا کے پاس کل 5 چمچ شامل ہو گئے۔ جولیا نے سٹو کے ذائقہ کے لیے 3 چمچ استعمال کیے۔ اس کے بعد جب وہ میز لگانے گئی تو اس کے پاس 12 چمچ تھے۔ یعنی استعمال کرنے کے بعد 12 - 3 = 9 چمچ باقی تھے۔ اسی وقت 9 چمچ جولیا کے پاس تھے جن میں 5 چمچ شوہر نے دیے تھے۔ یعنی جولیا کے پہلے خریدے ہوئے پیکج میں 9 - 5 = 4 چمچ تھے۔
</reasoning>

<SOLUTION>4 چمچ</SOLUTION>",False
126,ڈیلن کو ایک پارٹی میں ساسیج بنز بنانے کے لیے چکن ساسیجز اور مچھلی کے ساسیجز کی ضرورت تھی۔ اس نے 38 چکن ساسیجز خریدے اور چکن ساسیجز کے مقابلے میں 6 زیادہ مچھلی کے ساسیجز خریدے۔ ڈیلن نے مجموعی طور پر کتنے ساسیجز خریدے؟,82,"<reasoning>
ڈیلن نے 38 چکن ساسیجز خریدے۔ اور اس نے چکن ساسیجز کے مقابلے میں 6 زیادہ مچھلی کے ساسیجز خریدے، جو 38 + 6 = 44 ہیں۔ مجموعی طور پر خریدے گئے ساسیجز کی تعداد 38 (چکن) + 44 (مچھلی) = 82 ہے۔
</reasoning>

<SOLUTION>82</SOLUTION>",True
127,نئے اسکول میں داخلہ لینے کے بعد، ایمی نے للی سے 20 زیادہ دوست بنائے۔ اگر للی نے 50 دوست بنائے، تو دونوں کے ملا کر کل کتنے دوست ہیں؟,120,"<reasoning>
ایمی نے للی سے 20 زیادہ دوست بنائے ہیں۔ اگر للی نے 50 دوست بنائے، تو ایمی نے 50 + 20 = 70 دوست بنائے۔ دونوں کے ملا کر دوستوں کی کل تعداد 50 (لیلی کے دوست) + 70 (ایمی کے دوست) = 120 ہے۔
</reasoning>

<SOLUTION>120 دوست</SOLUTION>",True
128,ویل کی والدہ مقامی دکان پر تربوز، مرچیں، اور نارنگی فروخت کرتی ہیں۔ ایک تربوز کی قیمت ہر مرچ کی قیمت سے تین گنا زیادہ ہے۔ ایک نارنگی کی قیمت تربوز کی قیمت سے 5 ڈالر کم ہے۔ ڈلن کو 4 تربوز، 20 مرچیں، اور 10 نارنگی خریدنے کے لیے دکان بھیجا گیا ہے۔ اگر ہر مرچ کی قیمت 15 ڈالر ہے تو وہ کل کتنی رقم خرچ کرے گا؟,880,"<reasoning>
اگر ہر مرچ کی قیمت 15 ڈالر ہے، تو تربوز کی قیمت 3 × 15 = 45 ڈالر ہوگی۔ نارنگی کی قیمت تربوز کی قیمت سے 5 ڈالر کم ہے، اس لیے نارنگی کی قیمت 45 - 5 = 40 ڈالر ہوگی۔

ڈلن کو 4 تربوز، 20 مرچیں، اور 10 نارنگی خریدنی ہیں۔

- 4 تربوز کی قیمت = 4 × 45 = 180 ڈالر
- 20 مرچیں کی قیمت = 20 × 15 = 300 ڈالر
- 10 نارنگی کی قیمت = 10 × 40 = 400 ڈالر

کل خرچ = 180 + 300 + 400 = 880 ڈالر
</reasoning>

<SOLUTION>880 ڈالر</SOLUTION>",True
129,ایک ہسپتال میں روزانہ 500 مریض دیکھے جاتے ہیں۔ ہر مریض پر اوسطاً 24 منٹ لگتے ہیں۔ ڈاکٹر ہسپتال سے 150 ڈالر فی گھنٹہ وصول کرتے ہیں، جبکہ ہسپتال مریضوں سے 200 ڈالر فی گھنٹہ لیتا ہے۔ ہسپتال کو ان معائنوں سے کتنا منافع ہوتا ہے؟,10000,"<reasoning>
ہسپتال میں روزانہ 500 مریض دیکھے جاتے ہیں۔ ہر مریض پر اوسطاً 24 منٹ لگتے ہیں۔ پہلے ہم ہر روز کے کل وقت کا حساب لگائیں گے۔

کل وقت = 500 × 24 = 12000 منٹ

ہم 12000 منٹ کو گھنٹوں میں تبدیل کریں گے:
12000 منٹ ÷ 60 = 200 گھنٹے

ہسپتال کو ہر گھنٹے میں 200 ڈالر لیا جاتا ہے، اور ڈاکٹر کو 150 ڈالر دیا جاتا ہے۔

ہر گھنٹے کا منافع = 200 - 150 = 50 ڈالر

کل منافع = 200 گھنٹے × 50 ڈالر = 10000 ڈالر
</reasoning>

<SOLUTION>10000 ڈالر</SOLUTION>",True
130,نیسا اپنے ڈیپارٹمنٹ اسٹور کے سانتا گاؤں میں 60 موسمی کارکنوں کو ایلفز کا کردار ادا کرنے کے لیے بھرتی کرتی ہے۔ ایک تہائی ایلفز اس لیے کام چھوڑ دیتے ہیں کیونکہ بچے ان پر قے کر دیتے ہیں، پھر باقی بچ جانے والے ایلفز میں سے 10 اس لیے چھوڑ دیتے ہیں کیونکہ بچے ان کی پنڈلیوں پر لات مارتے ہیں۔ اب کُل کتنے ایلفز باقی رہ گئے ہیں؟,30,"<reasoning>
اپنے ڈیپارٹمنٹ اسٹور کے سانتا گاؤں میں 60 موسمی کارکنوں کو ایلفز کا کردار ادا کرنے کے لیے بھرتی کیا گیا ہے۔

1. ایک تہائی ایلفز اس لیے کام چھوڑ دیتے ہیں کیونکہ بچے ان پر قے کر دیتے ہیں:
   - 60 کا ایک تہائی = 60 × (1/3) = 20
   - باقی ایلفز = 60 - 20 = 40

2. باقی بچ جانے والے ایلفز میں سے 10 ایلفز اس لیے چھوڑ دیتے ہیں کیونکہ بچے ان کی پنڈلیوں پر لات مارتے ہیں:
   - باقی ایلفز = 40 - 10 = 30

چونکہ 30 ایلفز باقی رہ گئے ہیں، اس لیے جواب 30 ہے۔
</reasoning>

<SOLUTION>30</SOLUTION>",True
131,مئی میں یوسف کا خرچ 500 ڈالر تھا۔ جون میں اس کا خرچ 60 ڈالر کم تھا۔ ان دو مہینوں میں اس کا کل خرچ کتنا ہوا؟,940,"<reasoning>
مئی میں یوسف کا خرچ 500 ڈالر تھا۔ جون میں اس کا خرچ 60 ڈالر کم تھا، جو 500 - 60 = 440 ڈالر ہے۔ دو مہینوں کا کل خرچ = مئی کا خرچ + جون کا خرچ = 500 + 440 = 940 ڈالر ہے۔
</reasoning>

<SOLUTION>940 ڈالر</SOLUTION>",True
132,پام اور فریڈ ایک میلے میں گئے۔ پام نے 2 بار اور فریڈ نے 4 بار رولر کوسٹر کی سواری کی۔ اس کے بعد، ان دونوں نے دو دو بار لوج کی سواری بھی کی۔ اگر ہر سواری کے 6 ٹکٹ لگتے تھے، تو اس دن ان کے کل کتنے ٹکٹ استعمال ہوئے؟,60,"<reasoning>
پام نے 2 بار رولر کوسٹر کی سواری کی، اور فریڈ نے 4 بار رولر کوسٹر کی سواری کی۔ اس کے بعد، دونوں نے 2 بار ہر ایک لوج کی سواری کی۔

رولر کوسٹر کی کل سواریاں = 2 (پام) + 4 (فریڈ) = 6 بار  
لوج کی کل سواریاں = 2 (پام) + 2 (فریڈ) = 4 بار  

کل سواریاں = 6 (رولر کوسٹر) + 4 (لوج) = 10 بار  

ہر سواری کے لیے 6 ٹکٹ لگتے ہیں۔  
کل استعمال ہونے والے ٹکٹ = 10 × 6 = 60
</reasoning>

<SOLUTION>60</SOLUTION>",True
133,پیر کو والٹ 4 میل پیدل چلا۔ منگل کو، اس نے پیر کے مقابلے 6 گنا زیادہ فاصلہ طے کیا۔ پیر سے بدھ تک اس کا کل طے کردہ فاصلہ 41 میل تھا۔ اس نے بدھ کو کتنے میل کا فاصلہ طے کیا؟,13,"<reasoning>
پیر کو والٹ 4 میل پیدل چلا۔  
منگل کو، اس نے پیر کے مقابلے 6 گنا زیادہ فاصلہ طے کیا، یعنی منگل کو 4 × 6 = 24 میل۔  
پیر سے بدھ تک کل طے کردہ فاصلہ 41 میل تھا۔  
پیر کو 4 میل، منگل کو 24 میل، اور بدھ کو x میل۔  
کل فاصلہ = 4 + 24 + x = 41  
28 + x = 41  
x = 41 - 28 = 13  
تو، بدھ کو 13 میل کا فاصلہ طے کیا گیا۔
</reasoning>

<SOLUTION>13 میل</SOLUTION>",True
134,ٹام مہینے میں چار بار گاڑی دھلواتا ہے۔ اگر ہر دھلائی کی قیمت 15 ڈالر ہے، تو وہ ایک سال میں کل کتنا خرچ کرتا ہے؟,720,"<reasoning>
ٹام مہینے میں چار بار گاڑی دھلواتا ہے۔ ہر دھلائی کی قیمت 15 ڈالر ہے۔ اس لیے، ہر مہینے کی کل خرچ چار بار 15 ڈالر ہوگی۔ چار بار 15 ڈالر کی کل خرچ 60 ڈالر ہوگی۔ ایک سال میں 12 مہینے ہوتے ہیں، اس لیے 12 مہینوں کی کل خرچ 12 × 60 ڈالر ہوگی۔
</reasoning>

<SOLUTION>720 ڈالر</SOLUTION>",True
135,برائن کے دوست بوبی کے پاس برائن کی ویڈیو گیمز کی تعداد سے 3 گنا زیادہ لیکن 5 کم ویڈیو گیمز ہیں۔ اگر برائن کے پاس 20 ویڈیو گیمز تھیں، لیکن موازنہ کیے جانے سے ٹھیک پہلے اس نے 5 کھو دیں، تو بوبی کے پاس کتنی ویڈیو گیمز ہیں؟,40,"<reasoning>
ہمیں پتہ ہے کہ برائن کے پاس 20 ویڈیو گیمز تھیں۔ لیکن موازنہ کیے جانے سے پہلے اس نے 5 ویڈیو گیمز کھو دیں، تو اس کے پاس 20 - 5 = 15 ویڈیو گیمز ہیں۔

بوبی کے پاس برائن کی ویڈیو گیمز کی تعداد سے 3 گنا زیادہ لیکن 5 کم ویڈیو گیمز ہیں۔ یعنی بوبی کے پاس (برائن کی ویڈیو گیمز کی تعداد × 3) - 5 ویڈیو گیمز ہیں۔

برائن کی ویڈیو گیمز کی تعداد 15 ہے، تو بوبی کے پاس 15 × 3 - 5 = 45 - 5 = 40 ویڈیو گیمز ہیں۔
</reasoning>

<SOLUTION>40 ویڈیو گیمز</SOLUTION>",True
136,دنیا میں اب صرف 27 یونیکارن رہ گئے ہیں۔ ان میں سے ایک تہائی اسکاٹش ہائی لینڈز میں ہیں۔ اسکاٹش یونیکارنز میں سے دو تہائی مادہ ہیں۔ اسکاٹش مادہ یونیکارنز کی تعداد کتنی ہے؟,6,"<reasoning>
دنیا میں 27 یونیکارن رہ گئے ہیں۔ ان میں سے ایک تہائی اسکاٹش ہائی لینڈز میں ہیں۔ اسکاٹش ہائی لینڈز میں 27 کے ایک تہائی ہیں، جو 9 ہیں۔ اسکاٹش یونیکارنز میں سے دو تہائی مادہ ہیں، اس لیے 9 کے دو تہائی ہیں۔
</reasoning>

<SOLUTION>9</SOLUTION>",False
137,روری نے ڈیلیوری کے لیے 2 سبس (ہر ایک 7.50 ڈالر)، 2 بیگ چپس (ہر ایک 1.50 ڈالر) اور 2 کوکیز (ہر ایک 1.00 ڈالر) کا آرڈر دیا۔ چیک آؤٹ پر 20 فیصد ڈیلیوری فیس شامل کی جائے گی اور وہ 5.00 ڈالر کا ٹپ بھی دینا چاہتی ہے۔ اس کے ڈیلیوری آرڈر کی کل قیمت کتنی ہوگی؟,29,"<reasoning>
روری کے آرڈر کی قیمتوں کا حساب لگائیں:

- 2 سبس کی قیمت: 2 × 7.50 = 15.00 ڈالر
- 2 بیگ چپس کی قیمت: 2 × 1.50 = 3.00 ڈالر
- 2 کوکیز کی قیمت: 2 × 1.00 = 2.00 ڈالر

کل قیمت (قبل ڈیلیوری فیس اور ٹپ): 15.00 + 3.00 + 2.00 = 20.00 ڈالر

ڈیلیوری فیس (20%): 20.00 × 0.20 = 4.00 ڈالر

کل قیمت (ڈیلیوری فیس شامل): 20.00 + 4.00 = 24.00 ڈالر

ٹپ (5.00 ڈالر): 24.00 + 5.00 = 29.00 ڈالر

اپنی آرڈر کی کل قیمت 29.00 ڈالر ہوگی۔
</reasoning>

<SOLUTION>29.00 ڈالر</SOLUTION>",True
138,مارک نے کل ایک ٹیسٹ دیا جس میں 75 سوالات تھے۔ اس نے 5 سوالات فی گھنٹہ کی رفتار سے ٹیسٹ حل کیا۔ آج اس نے اسی رفتار سے 100 سوالات کا ایک اور ٹیسٹ دیا۔ اگر مارک کے پاس پہلا ٹیسٹ مکمل کرنے کے لیے 8 گھنٹے اور دوسرا ٹیسٹ مکمل کرنے کے لیے 6 گھنٹے تھے، تو اس نے کُل کتنے سوالات نامکمل چھوڑے؟,105,"<reasoning>
مارک نے پہلا ٹیسٹ 75 سوالات کا دیا جو 5 سوالات فی گھنٹہ کی رفتار سے حل کیے گئے۔ اس کے پاس 8 گھنٹے تھے۔

ٹیسٹ کے کل سوالات: 75  
حل کیے گए سوالات: 5 × 8 = 40  
نامکمل سوالات: 75 - 40 = 35

دوسرے ٹیسٹ میں 100 سوالات تھے اور مارک نے 6 گھنٹے میں اسی رفتار سے حل کیے۔

حل کیے گए سوالات: 5 × 6 = 30  
نامکمل سوالات: 100 - 30 = 70

کل نامکمل سوالات: 35 + 70 = 105
</reasoning>

<SOLUTION>105 سوالات</SOLUTION>",True
139,ایک کینڈی مشین میں نیلی گمبالز کی تعداد کے چار گنا سے 22 زیادہ گلابی گمبالز ہیں۔ اگر نیلی گمبالز 12 ہیں تو گلابی گمبالز کی تعداد کتنی ہے؟,70,"<reasoning>
ہمیں دیا گیا ہے کہ نیلی گمبالز کی تعداد 12 ہیں۔ اور گلابی گمبالز کی تعداد نیلی گمبالز کی تعداد کے چار گنا سے 22 زیادہ ہے۔

نیلی گمبالز کی تعداد = 12  
گلابی گمبالز کی تعداد = 4 × (نیلی گمبالز کی تعداد) + 22  
= 4 × 12 + 22  
= 48 + 22  
= 70  
</reasoning>

<SOLUTION>70</SOLUTION>",True
140,کرائے کے لیے دستیاب 20 گاڑیوں میں سے، 12 آٹومیٹک، 4 مینول، اور باقی سیمی آٹومیٹک ہیں۔ سیمی آٹومیٹک گاڑیاں کتنے فیصد ہیں؟,20,"<reasoning>
کل گاڑیاں = 20  
آٹومیٹک گاڑیاں = 12  
مینول گاڑیاں = 4  
سیمی آٹومیٹک گاڑیاں = 20 - 12 - 4 = 4  

سیمی آٹومیٹک گاڑیاں کی فیصد کی گنتی:  
(سیمی آٹومیٹک گاڑیاں / کل گاڑیاں) × 100 = (4 / 20) × 100 = 20%  
</reasoning>

<SOLUTION>20%</SOLUTION>",True
141,ایک چھتے میں 700 مکھیاں ہیں۔ کام کرنے والی مکھیاں بچہ مکھیوں کی تعداد سے دوگنا ہیں، اور بچہ مکھیاں ملکہ مکھیوں کی تعداد سے دوگنا ہیں۔ تو بتائیں کہ کام کرنے والی مکھیاں کتنی ہیں؟,400,"<reasoning>
ہمیں چھتے میں 700 مکھیاں ہیں کہا گیا ہے۔ یہ مکھیاں تین قسموں میں تقسیم ہیں: کام کرنے والی مکھیاں، بچہ مکھیاں، اور ملکہ مکھیاں۔

ہمیں دی گئی تعداد کے مطابق:
- کام کرنے والی مکھیاں = بچہ مکھیوں کی تعداد کا دوگنا
- بچہ مکھیاں = ملکہ مکھیوں کی تعداد کا دوگنا

ہمیں ملکہ مکھیوں کی تعداد کو ایک متغیر (x) لیں۔
- ملکہ مکھیاں = x
- بچہ مکھیاں = 2x
- کام کرنے والی مکھیاں = 2 * (2x) = 4x

کل مکھیوں کی تعداد = ملکہ مکھیاں + بچہ مکھیاں + کام کرنے والی مکھیاں = x + 2x + 4x = 7x

ہمیں دی گئی ہے کہ کل مکھیوں کی تعداد 700 ہے، اس لیے:
7x = 700  
x = 100

اب کام کرنے والی مکھیاں = 4x = 4 * 100 = 400
</reasoning>

<SOLUTION>400</SOLUTION>",True
142,اردن روزانہ 2 گھنٹے ویڈیو گیمز کھیلتا ہے۔ اس کے پاس ایک جز وقتی ملازمت بھی ہے جہاں وہ 10 ڈالر فی گھنٹہ کماتا ہے۔ اگر وہ اپنے ویڈیو گیم کھیلنے کا وقت کام کرنے میں صرف کرے تو وہ ایک ہفتے میں کتنی رقم کما لے گا؟,140,"<reasoning>
اردن روزانہ 2 گھنٹے ویڈیو گیمز کھیلتا ہے۔ اگر وہ اپنے ویڈیو گیم کھیلنے کا وقت کام کرنے میں صرف کرے تو وہ روزانہ 2 گھنٹے کام کرے گا۔ ایک ہفتے میں 7 دن ہوتے ہیں، اس لیے وہ 7 × 2 = 14 گھنٹے کام کرے گا۔ اگر وہ 10 ڈالر فی گھنٹہ کماتا ہے، تو ایک ہفتے میں وہ 14 × 10 = 140 ڈالر کما لے گا۔
</reasoning>

<SOLUTION>140 ڈالر</SOLUTION>",True
143,جان 2 ڈالر کا دودھ، 3 ڈالر کے انڈے، 3 ڈالر کے بلب، 3 ڈالر کے کپ، اور 4 ڈالر کے لال بیگ مارنے والے ٹریپ خریدتا ہے۔ اگر کھانے پینے کی اشیاء کے علاوہ باقی تمام چیزوں پر 10 فیصد ٹیکس ہے، تو کُل خرچ کتنا ہوا؟,16,"<reasoning>
جان نے کھانے پینے کی اشیاء کے علاوہ باقی تمام چیزوں پر 10 فیصد ٹیکس کا ادا کیا۔ یہ چیزیں ہیں:  
- 3 ڈالر کے بلب  
- 3 ڈالر کے کپ  
- 4 ڈالر کے لال بیگ  

ان کی کل قیمت ہے:  
3 + 3 + 4 = 10 ڈالر  

10 فیصد ٹیکس کا حساب لگائیں:  
10 × 10% = 1 ڈالر  

ٹیکس کے ساتھ کل خرچ:  
10 + 1 = 11 ڈالر  

کھانے پینے کی اشیاء کی قیمت: 2 + 3 = 5 ڈالر  

کل خرچ: 5 + 11 = 16 ڈالر
</reasoning>

<SOLUTION>16 ڈالر</SOLUTION>",True
144,کم نے گھر کی صفائی کا اپنا کاروبار شروع کیا ہے اور وہ یہ حساب لگا رہا ہے کہ وہ اپنے کلائنٹس سے کتنا منافع کمائے گا۔ اس کے پاس پہلے سے 3 کلائنٹس ہیں، لیکن وہ مزید 5 ممکنہ کلائنٹس سے بھی بات چیت کر رہا ہے اور اسے اتنا اعتماد ہے کہ وہ انہیں بھی اپنے حسابات میں شامل کر سکتا ہے۔ ہر کلائنٹ کے گھر کی صفائی کے لیے بلیچ کی 2 بوتلیں اور صفائی والے کپڑوں کا ایک پیکٹ درکار ہوگا۔ بلیچ کی ہر بوتل کی قیمت 2 ڈالر اور کپڑوں کے پیکٹ کی قیمت 5 ڈالر ہے۔ یہی اس کے کل اخراجات ہیں۔ وہ حساب لگاتا ہے کہ اس کی کل ہفتہ وار آمدنی 92 ڈالر ہوگی۔ منافع کل آمدنی اور کل اخراجات کے درمیان فرق کو کہتے ہیں، تو کم ہر ہفتے کتنے ڈالر منافع کمائے گا؟,20,"<reasoning>
کم کے پاس پہلے سے 3 کلائنٹس ہیں اور وہ مزید 5 کلائنٹس کو اپنے حسابات میں شامل کرنا چاہتا ہے، اس طرح کل کلائنٹس کی تعداد 3 + 5 = 8 ہو جائے گی۔

ہر کلائنٹ کے لیے 2 بوتل بلیچ اور 1 پیکٹ صفائی کپڑے درکار ہوتے ہیں۔

بلیچ کی ہر بوتل کی قیمت 2 ڈالر ہے، اس طرح 8 کلائنٹس کے لیے 8 × 2 = 16 ڈالر بلیچ کی قیمت ہوگی۔

کپڑوں کے پیکٹ کی قیمت 5 ڈالر ہے، اس طرح 8 کلائنٹس کے لیے 8 × 5 = 40 ڈالر کپڑوں کی قیمت ہوگی۔

کل اخراجات = 16 + 40 = 56 ڈالر ہیں۔

کل آمدنی 92 ڈالر ہے۔

منافع = کل آمدنی - کل اخراجات = 92 - 56 = 36 ڈالر
</reasoning>

<SOLUTION>36 ڈالر</SOLUTION>",False
145,جان کے پاس دس ہیکٹر پر مشتمل انناس کا ایک کھیت ہے۔ ہر ہیکٹر میں 100 انناس ہیں۔ جان ہر 3 مہینے بعد اپنے انناس کی فصل کاٹ سکتا ہے۔ تو بتائیں، جان ایک سال میں کل کتنے انناس کاٹ سکتا ہے؟,4000,"<reasoning>
جان کے پاس 10 ہیکٹر کا ایک کھیت ہے اور ہر ہیکٹر میں 100 انناس ہیں۔ اس لیے ہر کھیت میں کل انناس کی تعداد 10 × 100 = 1000 ہے۔ جان ہر 3 مہینے بعد اپنی فصل کاٹ سکتا ہے۔ ایک سال میں 12 مہینے ہوتے ہیں، اس لیے 12 ÷ 3 = 4 بار فصل کاٹ سکتا ہے۔ اس لیے، ایک سال میں کل انناس کی تعداد 1000 × 4 = 4000 ہوگی۔
</reasoning>

<SOLUTION>4000 انناس</SOLUTION>",True
146,جانی اپنے کمرے کے فرش سے کھلونے اٹھا رہا ہے۔ اس نے 500 ٹکڑوں والا لیگو کا ایک ڈبہ فرش پر الٹ دیا تھا، ایک دوسرا ڈبہ جس میں پہلے والے سے 3 گنا زیادہ ٹکڑے تھے، اور ایک تیسرا جس میں پہلے والے کے مقابلے میں چوتھائی (1/4) ٹکڑے تھے۔ اگر جانی تمام لیگو اٹھا لے تو وہ کل کتنے ٹکڑے اٹھائے گا؟,2125,"<reasoning>
جانی نے تین ڈبے الٹ دیے ہیں۔ پہلے ڈبے میں 500 ٹکڑے تھے۔ دوسرے ڈبے میں پہلے والے سے 3 گنا زیادہ ٹکڑے تھے، جو 500 × 3 = 1500 ٹکڑے ہیں۔ تیسرے ڈبے میں پہلے والے کے مقابلے میں چوتھائی ٹکڑے تھے، جو 500 × (1/4) = 125 ٹکڑے ہیں۔ اب تمام ٹکڑوں کی تعداد کا حساب لگائیں: 500 + 1500 + 125 = 2125 ٹکڑے۔
</reasoning>

<SOLUTION>2125 ٹکڑے</SOLUTION>",True
147,ڈیبرا ایک شہد کی مکھیوں کے چھتے کی نگرانی کر رہی ہے تاکہ یہ دیکھ سکے کہ ایک دن میں کتنی مکھیاں آتی اور جاتی ہیں۔ وہ دیکھتی ہے کہ پہلے 6 گھنٹوں میں 30 مکھیاں چھتے سے نکلتی ہیں، اور پھر اگلے 6 گھنٹوں میں اس کی آدھی تعداد واپس آ جاتی ہے۔ اس کے بعد اگلے 6 گھنٹوں میں، وہ پہلے نکلی ہوئی مکھیوں سے دوگنی تعداد کو چھتے سے نکلتے ہوئے دیکھتی ہے۔ پھر، ہر وہ مکھی جو پہلے گئی تھی اور ابھی تک واپس نہیں آئی تھی، اگلے 6 گھنٹوں میں چھتے میں واپس آ جاتی ہے۔ ڈیبرا نے دن کے آخری 6 گھنٹوں میں کتنی مکھیوں کو چھتے میں واپس آتے ہوئے دیکھا؟,75,"<reasoning>
ڈیبرا کی نگرانی کے مطابق، ہم چھتے پر مکھیوں کی تعداد کا گزرتے ہوئے وقت کے حساب سے تحلیل کریں گے:

1. **پہلے 6 گھنٹوں میں** 30 مکھیاں چھتے سے نکلتی ہیں۔  
   - مکھیوں کی کل تعداد = 30

2. **اگلے 6 گھنٹوں میں** اس کی آدھی تعداد واپس آ جاتی ہے۔  
   - واپس آنے والی مکھیاں = 30 / 2 = 15  
   - چھتے پر باقی مکھیاں = 30 - 15 = 15

3. **اگلے 6 گھنٹوں میں** ڈیبرا پہلے نکلی ہوئی مکھیوں سے دوگنی تعداد کو دیکھتی ہے۔  
   - پہلے نکلی ہوئی مکھیاں = 30  
   - دوگنی تعداد = 30 × 2 = 60  
   - مکھیوں کی کل تعداد = 15 (باقی) + 60 (نئی) = 75

4. **آخری 6 گھنٹوں میں** ہر وہ مکھی جو پہلے گئی تھی اور ابھی تک واپس نہیں آئی تھی، واپس آ جاتی ہے۔  
   - پہلے گئی مکھیاں = 30  
   - چھتے پر باقی مکھیاں = 15 (اگلے 6 گھنٹوں میں واپس آنے والی) + 60 (نئی) = 75  
   - چھتے پر باقی مکھیاں = 75 - 15 = 60  
   - یہ 60 مکھیاں ہیں جو پہلے گئی ہیں اور ابھی تک واپس نہیں آئی ہیں۔  
   - اس لیے، آخری 6 گھنٹوں میں 60 مکھیاں چھتے میں واپس آ جاتی ہیں۔
</reasoning>

<SOLUTION>60 مکھیاں</SOLUTION>",False
148,برٹنی اور اس کی امی عجائب گھر جاتی ہیں۔ وہاں داخلے کی قیمت بڑوں کے لیے 12 ڈالر اور بچوں کے لیے 10 ڈالر ہے۔ برٹنی کی امی کیشئیر کو ایک بچے اور ایک بڑے کے ٹکٹ کے پیسے دیتی ہیں۔ اگر انہیں 8 ڈالر بقایا واپس ملے، تو انہوں نے کیشئیر کو کل کتنے ڈالر دیے تھے؟,30,"<reasoning>
برٹنی اور اس کی امی عجائب گھر جاتی ہیں۔ داخلے کی قیمت بڑوں کے لیے 12 ڈالر اور بچوں کے لیے 10 ڈالر ہے۔ امی نے ایک بچے اور ایک بڑے کے ٹکٹ کے پیسے دیے۔ اس کے لیے کل قیمت 12 (بڑے کی قیمت) + 10 (بچے کی قیمت) = 22 ڈالر ہے۔ امی کو 8 ڈالر بقایا ملے، جو کہ کاشئیر کو دیے گئے پیسے سے 8 ڈالر کم ہے۔ اس لیے، امی نے کاشئیر کو 22 + 8 = 30 ڈالر دیے۔
</reasoning>

<SOLUTION>30 ڈالر</SOLUTION>",True
149,چارلی کے فیس بک پر ڈوروتھی سے تین گنا زیادہ دوست ہیں۔ جیمز کے فیس بک پر ڈوروتھی سے چار گنا زیادہ دوست ہیں۔ اگر چارلی کے فیس بک پر 12 دوست ہیں تو جیمز کے فیس بک پر کتنے دوست ہیں؟,16,"<reasoning>
چارلی کے فیس بک پر 12 دوست ہیں۔ ڈوروتھی کے دوستوں کی تعداد چارلی کے دوستوں کی تعداد کا 1/3 ہے۔  
چارلی کے دوستوں کی تعداد = 12  
ڈوروتھی کے دوستوں کی تعداد = 12 ÷ 3 = 4  
جیمز کے دوستوں کی تعداد ڈوروتھی کے دوستوں کی تعداد کا 4 گنا ہے۔  
جیمز کے دوستوں کی تعداد = 4 × 4 = 16  
</reasoning>

<SOLUTION>16 دوست</SOLUTION>",True
150,اسٹیو اور ٹم یہ دیکھنے کا فیصلہ کرتے ہیں کہ کون اسکول سے گھر سب سے تیزی سے پہنچ سکتا ہے۔ اسٹیو ٹم سے زیادہ دور رہتا ہے، اس لیے اسے اپنی بائیک چلانے کی اجازت ہے۔ اسٹیو اسکول سے 3 میل دور رہتا ہے اور 440 فٹ فی منٹ کی رفتار سے بائیک چلا سکتا ہے۔ ٹم اسکول سے 2 میل دور رہتا ہے۔ اگر ٹم 264 فٹ فی منٹ کی رفتار سے اپنے اسکیٹ بورڈ پر سواری کر سکتا ہے،تو جیتنے والے کو ہارنے والے کے ریس ختم کرنے سے پہلے اپنے گھر پر کتنا انتظار کرنا پڑے گا؟,4,"<reasoning>
اسٹیو اور ٹم کی ریس کے لیے ہمیں پہلے اسٹیو اور ٹم کے گھروں سے اسکول تک کی فاصلوں اور ان کی رفتاروں کا موازنہ کرنا ہوگا۔

اسٹیو کی فاصلہ = 3 میل  
ٹم کی فاصلہ = 2 میل  

اسٹیو کی رفتار = 440 فٹ فی منٹ  
ٹم کی رفتار = 264 فٹ فی منٹ  

ہمیں میل کو فٹ میں تبدیل کرنا ہوگا:  
1 میل = 5280 فٹ  
اسٹیو کی فاصلہ = 3 × 5280 = 15840 فٹ  
ٹم کی فاصلہ = 2 × 5280 = 10560 فٹ  

اب ہم اسٹیو اور ٹم کے اسکول سے گھر پہنچنے کے لیے لگنے والے وقت کا حساب لگائیں:  

اسٹیو کے لیے وقت = فاصلہ ÷ رفتار = 15840 ÷ 440 = 36 منٹ  
ٹم کے لیے وقت = فاصلہ ÷ رفتار = 10560 ÷ 264 = 40 منٹ  

اسٹیو 36 منٹ میں پہنچ جائے گا اور ٹم 40 منٹ میں پہنچے گا۔  

اسٹیو اسکول سے گھر پہنچنے کے بعد ہارنے والے (ٹم) کے ریس ختم ہونے سے پہلے ہارنے والے کے گھر پر انتظار کرے گا۔  

ٹم کے ریس ختم ہونے کے لیے 40 منٹ لگے گا، اسٹیو کے لیے 36 منٹ لگے ہیں۔  

اگر اسٹیو 36 منٹ میں پہنچ جائے گا تو اسے 40 - 36 = 4 منٹ انتظار کرنا پڑے گا۔
</reasoning>

<SOLUTION>4 منٹ</SOLUTION>",True
151,شونڈا نے فیصلہ کیا کہ اس کے محلے کے بچوں کو سائیکلوں میں ہوا بھرنے کی سروس کی واقعی ضرورت ہے۔ اس نے یہ طے کیا کہ سب سے بہتر طریقہ یہ ہے کہ فی ٹائر چارج لیا جائے۔۔ ہر ٹائر میں ہوا بھرنے کی قیمت 25 سینٹ ہے۔ پہلے دن، 5 لوگ اپنی سائیکلوں کے دونوں ٹائروں میں ہوا بھروانے کے لیے آئے۔ 3 لوگ اپنی تین پہیوں والی سائیکلوں کے تمام ٹائروں میں ہوا بھروانے کے لیے آئے۔ آخر میں، ایک شخص ایک پہیے والی سائیکل پر بھی آیا۔ اس دن اس نے کتنے ڈالر کمائے؟,5,"<reasoning>
شونڈا کے محلے کے بچوں کو سائیکلوں میں ہوا بھرنے کی سروس دی جا رہی ہے۔ ہر ٹائر کی ہوا بھرنے کی قیمت 25 سینٹ ہے۔

1. پہلے دن، 5 لوگ اپنی سائیکلوں کے دونوں ٹائروں میں ہوا بھروانے کے لیے آئے۔  
   - ہر سائیکل میں 2 ٹائر ہوتے ہیں۔  
   - 5 لوگوں کے لیے ٹائر کی تعداد = 5 × 2 = 10 ٹائر  
   - 10 ٹائر کی قیمت = 10 × 25 سینٹ = 250 سینٹ = 2.5 ڈالر

2. 3 لوگ اپنی تین پہیوں والی سائیکلوں کے تمام ٹائروں میں ہوا بھروانے کے لیے آئے۔  
   - ہر تین پہیے والی سائیکل میں 3 ٹائر ہوتے ہیں۔  
   - 3 لوگوں کے لیے ٹائر کی تعداد = 3 × 3 = 9 ٹائر  
   - 9 ٹائر کی قیمت = 9 × 25 سینٹ = 225 سینٹ = 2.25 ڈالر

3. ایک شخص ایک پہیے والی سائیکل پر آیا۔  
   - ایک پہیے والی سائیکل میں 1 ٹائر ہوتا ہے۔  
   - 1 ٹائر کی قیمت = 1 × 25 سینٹ = 25 سینٹ = 0.25 ڈالر

کل کمائی = 2.5 + 2.25 + 0.25 = 5 ڈالر
</reasoning>

<SOLUTION>5 ڈالر</SOLUTION>",True
152,کارل دس پیکٹ کوکیز خریدتا ہے۔ ہر پیکٹ میں چھ کوکیز ہوتی ہیں۔ ہر کوکی کی قیمت 0.10 ڈالر ہے۔ اگر وہ 10 ڈالر کے نوٹ سے ادائیگی کرتا ہےتو اسے کتنی بقایا رقم ملے گی؟,4,"<reasoning>
کارل دس پیکٹ کوکیز خریدتا ہے۔ ہر پیکٹ میں چھ کوکیز ہوتی ہیں، اس لیے کل کوکیز کی تعداد 10 × 6 = 60 ہوگی۔ ہر کوکی کی قیمت 0.10 ڈالر ہے، اس لیے کل قیمت 60 × 0.10 = 6 ڈالر ہوگی۔ کارل نے 10 ڈالر کے نوٹ سے ادائیگی کی، اس لیے بقایا رقم 10 - 6 = 4 ڈالر ہوگی۔
</reasoning>

<SOLUTION>4 ڈالر</SOLUTION>",True
153,ڈیو نے فرانسیسی فرائز کا ایک بڑا پیکٹ خریدا اور اس نے چودہ فرائز کھائے، اس سے پہلے کہ ایک بھوکا سیگل اس کے ہاتھ سے پیکٹ چھین لے۔ جب سیگل نیچے اترا، تو اس نے ڈیو کے کھائے ہوئے فرائز کی آدھی مقدار ہڑپ کر لی۔ پھر تین کبوتروں نے اسے کھانے سے دور بھگا دیا، اور ہر کبوتر نے تین فرائز کھا لیے۔ بعد میں، ایک ریکون نے باقی بچ جانے والے فرائز کا دو تہائی حصہ چرا لیا۔ چیونٹیاں آخری فرائی اٹھا کر لے گئیں، جس کے بعد پانچ فرائز باقی رہ گئے۔ جب ڈیو نے پیکٹ خریدا تھا تو اس میں کل کتنے فرینچ فرائز تھے؟,48,"<reasoning>
ہمیں ڈیو نے خریدے ہوئے فرانسیسی فرائز کی کل تعداد پتہ لانا ہے۔ ہم اس کی مدد کے لیے آخری چیز کے بارے میں جان سکتے ہیں کہ چیونٹیاں آخری فرائی اٹھا کر لے گئیں، جس کے بعد پانچ فرائز باقی رہ گئے۔ یعنی چیونٹیاں ایک فرائی لے گئیں۔

پہلے ہم چیونٹیاں کے بارے میں سوچیں گے:
- چیونٹیاں نے ایک فرائی لے لی۔
- چیونٹیاں لے گئی ہوئی فرائی کے بعد 5 فرائی باقی رہے۔
- اس لیے، چیونٹیاں لے گئی ہوئی فرائی کے پہلے 6 فرائی تھے۔

اب ہم ریکون کے بارے میں سوچیں گے:
- ریکون نے باقی بچ جانے والے فرائی کا دو تہائی حصہ چرا لیا۔
- یعنی ریکون نے 6 فرائی کا دو تہائی حصہ چرا لیا۔
- دو تہائی 6 فرائی کا 4 فرائی ہوتا ہے۔
- چیونٹیاں لے گئی ہوئی فرائی کے بعد 2 فرائی باقی رہے۔
- یعنی ریکون لے گئی ہوئی فرائی کے پہلے 6 فرائی تھے۔

اب ہم کبوتروں کے بارے میں سوچیں گے:
- ہر کبوتر نے 3 فرائی کھا لیے۔
- 3 کبوتروں نے 9 فرائی کھا لیے۔
- یہ 9 فرائی ریکون لے گئی ہوئی فرائی کے پہلے 6 فرائی کے بعد باقی رہے۔
- یعنی ریکون لے گئی ہوئی فرائی کے پہلے 15 فرائی تھے۔

اب ہم سیگل کے بارے میں سوچیں گے:
- سیگل نے ڈیو کے کھائے ہوئے فرائی کی آدھی مقدار ہڑپ کر لی۔
- ڈیو نے 14 فرائی کھائے۔
- سیگل نے 7 فرائی ہڑپ کر لی۔
- یعنی سیگل لے گئی ہوئی فرائی کے پہلے 14 فرائی تھے۔

اب ہم ڈیو نے کھائے ہوئے فرائی کے بارے میں سوچیں گے:
- ڈیو نے 14 فرائی کھائے۔
- سیگل نے 7 فرائی ہڑپ کر لی۔
- یعنی ڈیو نے خریدے ہوئے فرائی کے پہلے 14 فرائی کھائے۔

اب ہم ڈیو نے خریدے ہوئے فرائی کی کل تعداد پتہ لگائیں گے:
- ڈیو نے 14 فرائی کھائے۔
- سیگل نے 7 فرائی ہڑپ کر لی۔
- 3 کبوتروں نے 9 فرائی کھا لیے۔
- ریکون نے 4 فرائی چرا لیا۔
- چیونٹیاں نے 1 فرائی لے لی۔
- یعنی ڈیو نے خریدے ہوئے فرائی کی کل تعداد 14 + 7 + 9 + 4 + 1 = 35 فرائی تھے۔
</reasoning>

<SOLUTION>35 فرائی</SOLUTION>",False
154,پیر، بدھ اور جمعہ کو، کالج کے طالب علم کیمو کے پاس ہر روز تین 1 گھنٹے کی کلاسیں ہوتی ہیں۔ منگل اور جمعرات کو، اس کی ہر روز دو 2 گھنٹے کی کلاسیں ہوتی ہیں۔ ایک سمسٹر میں 16 ہفتے ہوتے ہیں۔ ایک سمسٹر میں، کیمو کلاسوں میں کل کتنے گھنٹے گزارتا ہے؟,272,"<reasoning>
کیمو کی ہر روز کلاسیں کی تعداد اور گھنٹے کے حساب سے ہم ایک سمسٹر میں کل کتنے گھنٹے کلاسوں میں گزرنے کا پتہ لگا سکتے ہیں۔

- پیر، بدھ اور جمعہ کو ہر روز 3 گھنٹے کلاسیں ہوتی ہیں۔ یہ 3 دن ہیں۔
  - 3 دن × 3 گھنٹے = 9 گھنٹے
- منگل اور جمعرات کو ہر روز 2 گھنٹے کلاسیں ہوتی ہیں۔ یہ 2 دن ہیں۔
  - 2 دن × 2 گھنٹے = 4 گھنٹے
- ہر ہفتے کل کلاس کے گھنٹے = 9 + 4 = 13 گھنٹے
- ایک سمسٹر میں 16 ہفتے ہوتے ہیں۔
  - 16 ہفتے × 13 گھنٹے = 208 گھنٹے

ایک سمسٹر میں کیمو کلاسوں میں کل 208 گھنٹے گزراتا ہے۔
</reasoning>

<SOLUTION>208 گھنٹے</SOLUTION>",False
155,بل روزانہ 300 رول، 120 چاکلیٹ کروسان، اور 60 باگٹ بناتا ہے۔ ہر رول 4 انچ لمبا ہوتا ہے، ہر کروسان 6 انچ لمبا ہوتا ہے، اور ہر باگٹ دو فٹ لمبا ہوتا ہے۔ اگر بل تمام بیکڈ سامان کو سرے سے سرے تک رکھتا ہے، تو ان کی کل لمبائی کتنی فٹ ہوگی؟,280,"<reasoning>
ہمیں پتہ ہے کہ بل روزانہ 300 رول، 120 چاکلیٹ کروسان، اور 60 باگٹ بناتا ہے۔ ہر رول 4 انچ لمبا ہوتا ہے، ہر کروسان 6 انچ لمبا ہوتا ہے، اور ہر باگٹ دو فٹ لمبا ہوتا ہے۔ ہمیں ان تمام بیکڈ سامان کی کل لمبائی فٹ میں جانی ہے۔

پہلے ہم ہر کی چیز کی لمبائی کا حساب لگائیں گے، پھر تمام کی لمبائی کا حساب لگائیں گے۔

- رول کی کل لمبائی: 300 × 4 انچ = 1200 انچ
- کروسان کی کل لمبائی: 120 × 6 انچ = 720 انچ
- باگٹ کی کل لمبائی: 60 × 2 فٹ = 120 فٹ

اب ہم ان انچ کو فٹ میں تبدیل کریں گے۔ 1 فٹ = 12 انچ، تو:

- 1200 انچ = 1200 ÷ 12 = 100 فٹ
- 720 انچ = 720 ÷ 12 = 60 فٹ

اب تمام کی لمبائی جمع کریں:

100 فٹ (رول) + 60 فٹ (کروسان) + 120 فٹ (باگٹ) = 280 فٹ
</reasoning>

<SOLUTION>280 فٹ</SOLUTION>",True
156,چڑیا گھر کا نگہبان چڑیا گھر کے تمام بندروں کو کھانا کھلاتا ہے۔ وہ ہر دو مہینے بعد ایک مقامی فارم سے تمام کیلے منگواتا ہے۔ اگر بندروں کو ہر مہینے 200 کیلے، گوریلوں کو 400 کیلے، اور بابونوں کو 100 کیلے کی ضرورت ہو، تو اسے دو مہینے کے لیے کتنے کیلے منگوانے ہوں گے؟,1400,"<reasoning>
چڑیا گھر کا نگہبان ہر دو مہینے بعد ایک مقامی فارم سے کیلے منگواتا ہے۔ اس کے پاس 3 قسم کے بندروں ہیں: بندروں، گوریلوں اور بابون۔ ہر مہینے کے لیے بندروں کو 200 کیلے، گوریلوں کو 400 کیلے، اور بابونوں کو 100 کیلے کی ضرورت ہوتی ہے۔

ہر مہینے کے لیے کل کیلے کی ضرورت = 200 (بندروں) + 400 (گوریلوں) + 100 (بابون) = 700 کیلے۔

دو مہینے کے لیے کل کیلے کی ضرورت = 700 × 2 = 1400 کیلے۔
</reasoning>

<SOLUTION>1400 کیلے</SOLUTION>",True
157,بلیک اور کیلی یہ دیکھنے کے لیے مقابلہ کر رہے ہیں کہ 15 منٹ میں کون سب سے زیادہ دوڑ سکتا ہے۔ انہوں نے یہ مقابلہ ایک 100 گز لمبے فٹ بال کے میدان میں کرنے کا فیصلہ کیا۔ بلیک 15 بار میدان کے ایک سرے سے دوسرے سرے تک دوڑتا ہے۔ کیلی ایک بار پورا میدان دوڑتی ہے، اور پھر فیصلہ کرتی ہے کہ وہ بلیک کے ساتھ نہیں دوڑنا چاہتی، اس لیے وہ 40 گز کی لائن تک دوڑ کر واپس آنا شروع کر دیتی ہے۔ وہ یہ 34 بار کرتی ہے۔ جیتنے والا ہارنے والے سے کتنا زیادہ فاصلہ طے کرتا ہے؟,80,"<reasoning>
ہمیں پتہ ہے کہ بلیک 15 بار میدان کے ایک سرے سے دوسرے سرے تک دوڑتا ہے۔ میدان کی لمبائی 100 گز ہے، اس لیے ہر بار بلیک 100 گز دوڑتا ہے۔

بلیک کی کل دوڑ کی فاصلہ = 15 × 100 = 1500 گز

کیلی ایک بار میدان کے ایک سرے سے دوسرے سرے تک دوڑتی ہے (100 گز) اور پھر 40 گز کی لائن تک دوڑ کر واپس آ جاتی ہے۔ یعنی ہر بار کیلی 100 + 40 = 140 گز دوڑتی ہے۔

کیلی 34 بار دوڑتی ہے، اس لیے کیلی کی کل دوڑ کی فاصلہ = 34 × 140 = 4760 گز

ہمیں جیتنے والے کی کل دوڑ کی فاصلہ اور ہارنے والے کی کل دوڑ کی فاصلہ کا فرق نکالنا ہے۔

جیتنے والے کی فاصلہ = 4760 گز  
ہارنے والے کی فاصلہ = 1500 گز  
فرق = 4760 - 1500 = 3260 گز
</reasoning>

<SOLUTION>3260 گز</SOLUTION>",False
158,رافیل اسکول کا کچھ سامان خریدنے گیا۔ اس نے 4 قلم خریدے جن کی قیمت 1.5 ڈالر تھی، 2 نوٹ بکس جن کی قیمت 4 ڈالر تھی، اور بانڈ پیپر کا ایک رم جس کی قیمت 20 ڈالر تھی۔ رافیل نے تمام چیزوں پر کتنا خرچ کیا؟,34,"<reasoning>
 RAFIEL نے 4 قلم خریدے جن کی قیمت 1.5 ڈالر تھی، اس لیے 4 × 1.5 = 6 ڈالر خرچ ہوئے۔  
2 نوٹ بکس خریدے جن کی قیمت 4 ڈالر تھی، اس لیے 2 × 4 = 8 ڈالر خرچ ہوئے۔  
1 رم بانڈ پیپر خریدا جس کی قیمت 20 ڈالر تھی۔  
کل خرچ = 6 + 8 + 20 = 34 ڈالر۔
</reasoning>

<SOLUTION>34 ڈالر</SOLUTION>",True
159,فن تالاب میں 11 ٹڈپولز کو تیرتے ہوئے دیکھتا ہے۔ اچانک، وہ 6 ٹڈپولز کو کنول کے پتے کے نیچے سے نکلتے ہوئے دیکھتا ہے، پھر وہ 2 ٹڈپولز کو ایک پتھر کے نیچے چھپتے ہوئے دیکھتا ہے۔ اب فن کو تالاب میں کتنے ٹڈپولز نظر آ رہے ہیں؟,15,"<reasoning>
فن نے پہلے 11 ٹڈپولز کو تیرتے ہوئے دیکھا۔ پھر وہ 6 ٹڈپولز کو کنول کے پتے کے نیچے سے نکلتے ہوئے دیکھتا ہے، جو اب تک تالاب میں موجود ہیں۔ پھر وہ 2 ٹڈپولز کو ایک پتھر کے نیچے چھپتے ہوئے دیکھتا ہے، جو بھی تالاب میں موجود ہیں۔ اس لیے، تالاب میں کل 11 + 6 + 2 = 19 ٹڈپولز نظر آ رہے ہیں۔
</reasoning>

<SOLUTION>19</SOLUTION>",False
160,ایک ٹینک میں پانی کی گہرائی پیر کو 17 فٹ تھی۔ منگل کو ٹینک میں 7 فٹ زیادہ پانی شامل ہوا۔ بدھ کو پانی کی گہرائی منگل کی گہرائی کا دو تہائی ہے۔ بدھ کو ٹینک میں پانی کی گہرائی کتنی ہے؟,16,"<reasoning>
ایک ٹینک میں پانی کی گہرائی پیر کو 17 فٹ تھی۔ منگل کو 7 فٹ زیادہ پانی شامل ہوا، جس کے بعد ٹینک میں پانی کی گہرائی 17 + 7 = 24 فٹ ہو گئی۔ بدھ کو پانی کی گہرائی منگل کی گہرائی کا دو تہائی ہے، جو 24 فٹ کا دو تہائی ہے۔ 24 کا دو تہائی 16 فٹ ہے۔
</reasoning>

<SOLUTION>16 فٹ</SOLUTION>",True
161,آناکین اور لوکسن آج ساحل پر گئے۔ آناکین نے 10 سمندری ستارے، 6 سمندری گھوڑے، اور 3 کلاؤن مچھلیاں پکڑیں۔ جبکہ لوکسن نے آناکین کے مقابلے میں 5 کم سمندری ستارے، 3 کم سمندری گھوڑے، اور 2 زیادہ کلاؤن مچھلیاں پکڑیں۔ وہ دونوں مل کر کُل کتنی مچھلیاں پکڑ سکے؟,32,"<reasoning>
اگر آناکین نے 10 سمندری ستارے، 6 سمندری گھوڑے، اور 3 کلاؤن مچھلیاں پکڑیں، تو اس کی کل مچھلیاں 3 ہیں۔

لوکسن نے آناکین کے مقابلے میں 5 کم سمندری ستارے، 3 کم سمندری گھوڑے، اور 2 زیادہ کلاؤن مچھلیاں پکڑیں۔ یعنی لوکسن نے 3 - 5 = -2 سمندری ستارے، 6 - 3 = 3 سمندری گھوڑے، اور 3 + 2 = 5 کلاؤن مچھلیاں پکڑیں۔

لوکسن کی کل مچھلیاں 5 ہیں۔

دونوں مل کر کل مچھلیاں = 3 + 5 = 8
</reasoning>

<SOLUTION>8</SOLUTION>",False
162,اگر کنچوں کے ایک تھیلے کی قیمت 20 ڈالر ہے اور ہر دو مہینے بعد اس کی قیمت میں اصل قیمت کا 20 فیصد اضافہ ہو جاتا ہے، تو 36 مہینوں کے بعد کنچوں کے تھیلے کی قیمت کتنی ہوگی؟,92,"<reasoning>
ہمیں دو مہینے بعد قیمت میں 20% اضافہ ہوتا ہے، اور ہمیں 36 مہینوں کے بعد قیمت کی تلاش ہے۔ پہلے ہم 36 مہینوں میں کتنے دو مہینے ہوں گے۔

36 مہینے / 2 = 18 دو مہینے

یعنی 18 بار قیمت میں 20% اضافہ ہوگا۔

اصل قیمت 20 ڈالر ہے۔ ہر بار 20% اضافہ ہوتا ہے، جو 20 ڈالر کا 20% ہے۔

20% کا 20 ڈالر = 0.2 × 20 = 4 ڈالر

ہر بار قیمت 20 ڈالر سے 4 ڈالر زیادہ ہوتی جائے گی۔

ہم یہ 18 بار کریں گے۔ یہ ہر بار 20% اضافہ کے ساتھ گننے کی ضرورت ہے۔

ہم یہ گنیں گے:

20 × (1.2)^18

یہ ہمیں 36 مہینوں کے بعد قیمت دے گا۔
</reasoning>

<SOLUTION>36 مہینوں کے بعد کنچوں کے تھیلے کی قیمت 20 × (1.2)^18 = 20 × 11.019 = 220.38 ڈالر ہوگی۔</SOLUTION>",False
163,ایک کمرے میں مختلف کھلونے ہیں: 5 سرخ گاڑیاں، 3 ایکشن فگرز، اور ایک گڑیا۔ گڑیا کی قیمت 3 ایکشن فگرز کے برابر ہے اور ایک سرخ گاڑی کی قیمت 4 ڈالر ہے۔ اگر ایک ایکشن فگر 5 ڈالر کا ہو، تو تمام کھلونوں کی کل قیمت کتنی ہوگی؟,50,"<reasoning>
ہمیں یہ پتہ ہے کہ کمرے میں 5 سرخ گاڑیاں، 3 ایکشن فگرز، اور ایک گڑیا ہیں۔

- ایک سرخ گاڑی کی قیمت 4 ڈالر ہے۔
- 5 سرخ گاڑیوں کی کل قیمت = 5 × 4 = 20 ڈالر
- ایک ایکشن فگر کی قیمت 5 ڈالر ہے۔
- 3 ایکشن فگرز کی کل قیمت = 3 × 5 = 15 ڈالر
- گڑیا کی قیمت 3 ایکشن فگرز کے برابر ہے، یعنی 3 × 5 = 15 ڈالر

کل قیمت = 20 (سرخ گاڑیاں) + 15 (ایکشن فگرز) + 15 (گڑیا) = 50 ڈالر
</reasoning>

<SOLUTION>50 ڈالر</SOLUTION>",True
164,جیکی یہ فیصلہ کرنے کی کوشش کر رہی ہے کہ وہ اپنے ٹیکس خود فائل کرے یا کسی اکاؤنٹنٹ کی خدمات حاصل کرے۔ اگر وہ خود ٹیکس فائل کرتی ہے، تو وہ 3 گھنٹے کم فری لانس کام کر پائے گی، جس سے اسے 35 ڈالر فی گھنٹہ کے حساب سے آمدنی کا نقصان ہوگا۔ اکاؤنٹنٹ کی فیس 90 ڈالر ہے۔ اگر وہ اکاؤنٹنٹ کی خدمات حاصل کرتی ہے تو اس کے پاس کتنے زیادہ پیسے بچیں گے؟,15,"<reasoning>
جیکی اگر خود ٹیکس فائل کرے تو 3 گھنٹے کم فری لانس کام کر پائے گی۔ 3 گھنٹے کے لیے اسے 35 ڈالر فی گھنٹہ کے حساب سے 3 × 35 = 105 ڈالر کا نقصان ہوگا۔ اگر وہ اکاؤنٹنٹ کی خدمات حاصل کرے تو اسے 90 ڈالر کی فیس چلائی جائے گی۔ اس لیے اگر وہ اکاؤنٹنٹ کی خدمات حاصل کرے تو اس کے پاس 105 - 90 = 15 ڈالر زیادہ پیسے بچیں گے۔
</reasoning>

<SOLUTION>15 ڈالر</SOLUTION>",True
165,اپنی 30ویں سالگرہ کے موقع پر، ایلویرا نے تحفے کے طور پر بہت سے لوازمات کے ساتھ ایک نیا کمپیوٹر منتخب کیا۔ اس کے پاس 1500€ کا بجٹ ہے جو اس کے پورے خاندان نے عطیہ کیا ہے اور وہ سوچتی ہے کہ وہ کپڑے خریدنے کے لیے تھوڑی سی رقم بچا سکے گی۔ وہ ایک کمپیوٹر کی دکان پر جاتی ہے اور ایک ایسی مشین کا انتخاب کرتی ہے جس کی قیمت 1090€ ہے، جس میں اسکرین، کی بورڈ اور ماؤس شامل ہیں۔ وہ 157€ کا ایک اسکینر، 74€ کا سی ڈی برنر اور 102€ کا ایک پرنٹر بھی لیتی ہے۔ اس کے پاس اپنے کپڑوں کے لیے کتنے پیسے باقی رہیں گے؟,77,"<reasoning>
اپنی 30ویں سالگرہ کے موقع پر ایلویرا کے پاس 1500€ کا بجٹ ہے۔ وہ ایک کمپیوٹر خریدتا ہے جس کی قیمت 1090€ ہے۔ اس کے علاوہ وہ 157€ کا ایک اسکینر، 74€ کا سی ڈی برنر اور 102€ کا ایک پرنٹر بھی خریدتی ہے۔

ہمیں پتہ چلنا ہے کہ اس کے پاس کپڑوں کے لیے کتنے پیسے باقی رہیں گے۔ اس کے لیے ہم تمام خرچ کی گئی رقم کو جمع کر کے 1500€ سے کم کریں گے۔

خوبصورتی سے، ہم یہ کریں گے:
1090€ (کمپیوٹر) + 157€ (اسکینر) + 74€ (سی ڈی برنر) + 102€ (پرنٹر) = 1423€

اب 1500€ - 1423€ = 77€

اپنے کپڑوں کے لیے 77€ باقی رہیں گے۔
</reasoning>

<SOLUTION>77€</SOLUTION>",True
166,سینڈرا کا پڑوسی اسے ہر بار 9 انڈوں کی ایک ٹوکری دیتا ہے جب وہ ان کی بیٹی کی دیکھ بھال کرتی ہے۔ ایک ہسپانوی فلان بنانے کے لیے اسے 3 انڈوں کی ضرورت ہوتی ہے۔ اگر سینڈرا کو اپنے اسکول کے فنڈ ریزنگ کے لیے 15 ہسپانوی فلان بنانے کا کام سونپا گیا ہے، تو سینڈرا کو کتنی بار بچوں کی دیکھ بھال کرنی پڑے گی؟,5,"<reasoning>
سینڈرا کو 15 ہسپانوی فلان بنانے کے لیے 3 انڈوں کی ضرورت ہوتی ہے۔ اس لیے 15 فلان کے لیے کل انڈوں کی تعداد 15 × 3 = 45 ہوگی۔  
ہر بار بچوں کی دیکھ بھال کرتے ہوئے سینڈرا کو 9 انڈے ملتے ہیں۔ اس لیے 45 انڈوں کے لیے 45 ÷ 9 = 5 بار بچوں کی دیکھ بھال کرنی پڑے گی۔
</reasoning>

<SOLUTION>5 بار</SOLUTION>",True
167,سیٹھ کی عمر بروک سے دوگنا ہے۔ دو سال بعد، ان کی عمروں کا مجموعہ 28 ہو جائے گا۔ سیٹھ کی عمر کتنی ہے؟,16,"<reasoning>
ہمیں دو افراد کی عمر کے بارے میں دو اہم معلومات دی گئی ہیں:

1. سیٹھ کی عمر بروک سے دوگنا ہے۔
2. دو سال بعد، سیٹھ اور بروک کی عمر کا مجموعہ 28 ہو جائے گا۔

ہمیں سیٹھ کی عمر پتہ لانا ہے۔

فرض کیجئے کہ بروک کی عمر $ x $ سال ہے۔  
تو سیٹھ کی عمر $ 2x $ سال ہوگی۔

دو سال بعد، بروک کی عمر $ x + 2 $ اور سیٹھ کی عمر $ 2x + 2 $ ہوگی۔  
دو سال بعد ان کی عمر کا مجموعہ 28 ہوگا، اس لیے:

$$
(x + 2) + (2x + 2) = 28
$$

$$
3x + 4 = 28
$$

$$
3x = 24
$$

$$
x = 8
$$

تو بروک کی عمر 8 سال ہے، اور سیٹھ کی عمر $ 2x = 16 $ سال ہے۔
</reasoning>

<SOLUTION>16 سال</SOLUTION>",True
168,جمی کے پاس ایتھل کے پیسوں کے دوگنا سے 2 ڈالر زیادہ ہیں۔ اگر ایتھل کے پاس 8 ڈالر ہیں، تو جمی کے پاس کتنے پیسے ہیں؟,18,"<reasoning>
ایتھل کے پاس 8 ڈالر ہیں۔ جمی کے پاس ایتھل کے پیسوں کے دوگنا سے 2 ڈالر زیادہ ہیں۔ ایتھل کے پیسوں کے دوگنا 8 × 2 = 16 ہیں۔ اب جمی کے پاس 16 + 2 = 18 ڈالر ہیں۔
</reasoning>

<SOLUTION>18 ڈالر</SOLUTION>",True
169,پانچو روزانہ 20 میل چلتا ہے، سوائے ہفتے کے آخر میں جب وہ 10 میل چلتا ہے۔ وہ ایک ہفتے میں کل کتنے میل چلتا ہے؟,120,"<reasoning>
پانچو روزانہ 20 میل چلتا ہے، جو ہفتے کے 5 روز ہیں۔ اس لیے 5 روز میں کل میل چلی گئی ہے:

5 × 20 = 100 میل

ہفتے کے آخر میں وہ 10 میل چلتا ہے۔ اس لیے ایک ہفتے میں کل میل چلی گئی ہے:

100 + 10 = 110 میل
</reasoning>

<SOLUTION>110 میل</SOLUTION>",False
170,مارچنگ بینڈ نئی یونیفارم کا آرڈر دے رہا ہے۔ ہر یونیفارم میں ایک ٹوپی شامل ہے جس کی قیمت 25 ڈالر ہے، ایک جیکٹ جس کی قیمت ٹوپی سے تین گنا زیادہ ہے، اور پتلون جس کی قیمت ٹوپی اور جیکٹ کی اوسط قیمت کے برابر ہے۔ ہر یونیفارم کی کل قیمت کتنی ہے؟,150,"<reasoning>
ہر یونیفارم میں ٹوپی، جیکٹ اور پتلون شامل ہوتے ہیں۔ ٹوپی کی قیمت 25 ڈالر ہے۔ جیکٹ کی قیمت ٹوپی سے تین گنا زیادہ ہے، جو 25 × 3 = 75 ڈالر ہے۔ پتلون کی قیمت ٹوپی اور جیکٹ کی اوسط قیمت کے برابر ہے، جو (25 + 75) ÷ 2 = 50 ڈالر ہے۔ اب ہر یونیفارم کی کل قیمت ٹوپی + جیکٹ + پتلون = 25 + 75 + 50 = 150 ڈالر ہے۔
</reasoning>

<SOLUTION>150 ڈالر</SOLUTION>",True
171,جیک حشریات کے عجائب گھر میں چل رہا ہے۔ وہ 80 مکڑیاں دیکھتا ہے جن کی ہر ایک کی 8 ٹانگیں ہیں، 90 کیڑے جن کی ہر ایک کی 6 ٹانگیں ہیں، اور 3 نایاب میوٹینٹ جانور جن کی ہر ایک کی 10 ٹانگیں ہیں۔ جیک کو کل کتنی ٹانگیں نظر آتی ہیں؟,1210,"<reasoning>
جیک نے 80 مکڑیاں دیکھی ہیں، جن کی ہر ایک کی 8 ٹانگیں ہیں۔ 80 مکڑیاں کی ٹانگوں کی کل تعداد 80 × 8 = 640 ہے۔

جیک نے 90 کیڑے دیکھے ہیں، جن کی ہر ایک کی 6 ٹانگیں ہیں۔ 90 کیڑوں کی ٹانگوں کی کل تعداد 90 × 6 = 540 ہے۔

جیک نے 3 نایاب میوٹینٹ جانور دیکھے ہیں، جن کی ہر ایک کی 10 ٹانگیں ہیں۔ 3 جانوروں کی ٹانگوں کی کل تعداد 3 × 10 = 30 ہے۔

کل ٹانگوں کی تعداد = 640 + 540 + 30 = 1210
</reasoning>

<SOLUTION>1210 ٹانگیں</SOLUTION>",True
172,کیبوز میں چار پرندے ہیں۔ سیلی ٹو، گرینی ریڈ سے تین سال بڑی ہے۔ گرینی ریڈ کی عمر سیلی فور سے دو گنا ہے۔ اگر سیلی فور، سیلی تھرٹی ٹو کی عمر کے برابر ہے، اور سیلی تھرٹی ٹو 8 سال کی ہے، تو ان چاروں پرندوں کی مجموعی عمر کتنی ہوگی؟,51,"<reasoning>
ہمیں چار پرندوں کی عمر کا تعین کرنا ہے۔ یہاں دی گئی معلومات کو ترتیب سے دیکھیں:

1. سیلی تھرٹی ٹو 8 سال کی ہے۔
2. سیلی فور، سیلی تھرٹی ٹو کی عمر کے برابر ہے، جس کا مطلب ہے کہ سیلی فور بھی 8 سال کی ہے۔
3. گرینی ریڈ کی عمر سیلی فور کی عمر کے دو گنا ہے، جس کا مطلب ہے کہ گرینی ریڈ 16 سال کی ہے۔
4. سیلی ٹو، گرینی ریڈ سے تین سال بڑی ہے، جس کا مطلب ہے کہ سیلی ٹو 19 سال کی ہے (16 + 3 = 19)۔

اب ہم چاروں پرندوں کی عمر کو جمع کریں:
- سیلی ٹو = 19 سال
- گرینی ریڈ = 16 سال
- سیلی فور = 8 سال
- سیلی تھرٹی ٹو = 8 سال

کل عمر = 19 + 16 + 8 + 8 = 51 سال
</reasoning>

<SOLUTION>51 سال</SOLUTION>",True
173,جیسیکا یہ جاننے کی کوشش کر رہی ہے کہ اسے ہر ماہ اپنے تمام قرضوں کی ادائیگی میں کتنی رقم دینی ہے۔ اس کے طلباء کے قرضوں کی کم از کم ادائیگی 300 ڈالر ماہانہ ہے، اس کے کریڈٹ کارڈ کی کم از کم ادائیگی 200 ڈالر ماہانہ ہے، اور اس کے رہن کی کم از کم ادائیگی 500 ڈالر ماہانہ ہے۔ اگر جیسیکا کم از کم ادائیگی سے 50 فیصد زیادہ ادا کرنا چاہتی ہے، تو وہ ایک سال میں کل کتنی رقم ادا کرے گی؟,18000,"<reasoning>
جیسیکا کے ہر قرض کی کم از کم ادائیگی کی رقم یہ ہے:  
- طلباء قرض: 300 ڈالر  
- کریڈٹ کارڈ: 200 ڈالر  
- رہن: 500 ڈالر  

کل کم از کم ادائیگی = 300 + 200 + 500 = 1000 ڈالر  

جیسیکا کم از کم ادائیگی سے 50 فیصد زیادہ ادا کرنا چاہتی ہے، جو 1000 ڈالر کا 50% ہے:  
1000 × 50% = 500 ڈالر  

کل ادا کرنے والی رقم = 1000 + 500 = 1500 ڈالر  

ایک سال میں 12 ماہ ہوتے ہیں، اس لیے:  
1500 × 12 = 18000 ڈالر  
</reasoning>

<SOLUTION>18000 ڈالر</SOLUTION>",True
174,بلی اپنے خاندان کی ایک بڑی باربی کیو دعوت کے لیے آلو کا سلاد تیار کر رہا ہے۔ یہ ایک بڑی تقریب ہے، اس لیے اسے 60 آلو چھیلنے اور کاٹنے ہیں۔ آلو تقریباً ایک ہی سائز کے ہیں، جس کی وجہ سے ہر ایک کو چھیلنے اور کاٹنے میں تقریباً برابر وقت لگتا ہے۔ بلی کو ایک آلو چھیلنے میں تقریباً ڈیڑھ منٹ، لیکن اسے کاٹنے میں صرف 5 سیکنڈ لگتے ہیں۔ بلی کو تمام آلو تیار کرنے میں کتنا وقت لگے گا؟,95,"<reasoning>
بلی کو 60 آلو تیار کرنے ہیں۔ ہر آلو کو چھیلنے میں ڈیڑھ منٹ (90 سیکنڈ) لگتا ہے۔ اور ہر آلو کو کاٹنے میں 5 سیکنڈ لگتا ہے۔

پس ہر آلو کو کرنا ہے:
90 سیکنڈ (چھیلنے) + 5 سیکنڈ (کاٹنے) = 95 سیکنڈ

60 آلو کے لیے کل وقت:
60 × 95 = 5700 سیکنڈ

اب ہم سیکنڈ کو منٹ میں بدلیں:
5700 ÷ 60 = 95 منٹ

</reasoning>

<SOLUTION>95 منٹ</SOLUTION>",True
175,جوان اور اس کا بھائی کارلوس لیموں کا شربت بیچ رہے ہیں۔ ہر گیلن بنانے پر لیموں کے لیے 3 ڈالر اور چینی کے لیے 2 ڈالر کی لاگت آتی ہے۔ وہ ہر گلاس 0.50 ڈالر میں بیچتے ہیں اور ایک گیلن سے 20 گلاس بنتے ہیں۔ اگر انہوں نے 25 ڈالر منافع کمایا، تو انہوں نے لیموں پر کتنا خرچ کیا؟,15,"<reasoning>
ہر گلاس بنانے کے لیے لیموں کی لاگت 3 ڈالر ہے اور چینی کی لاگت 2 ڈالر ہے، اس طرح ہر گلاس کی کل لاگت 3 + 2 = 5 ڈالر ہے۔ ہر گلاس 0.50 ڈالر میں بیچا جاتا ہے، اس لیے ہر گلاس سے 0.50 ڈالر کا فائدہ ہوتا ہے۔ ہر گیلن سے 20 گلاس بنتے ہیں، اس لیے ہر گیلن سے 20 × 0.50 = 10 ڈالر کا فائدہ ہوتا ہے۔

اگر وہ 25 ڈالر منافع کمایا ہے، تو 25 ÷ 10 = 2.5 گیلن بنائے ہیں۔ ہر گیلن میں لیموں کی لاگت 3 ڈالر ہے، اس لیے 2.5 گیلن میں لیموں کی کل لاگت 2.5 × 3 = 7.5 ڈالر ہے۔
</reasoning>

<SOLUTION>7.5 ڈالر</SOLUTION>",False
176,240 ایشیائی باشندوں کی ایک دوڑ میں 80 جاپانی اور باقی چینی تھے۔ اگر چینی ٹیم میں 60 لڑکے تھے، تو اس ٹیم میں لڑکیوں کی تعداد کتنی تھی؟,100,"<reasoning>
کل 240 ایشیائی باشندے تھے۔ ان میں 80 جاپانی اور باقی چینی تھے۔ چینیوں کی تعداد 240 - 80 = 160 ہے۔ چینی ٹیم میں 60 لڑکے تھے، تو لڑکیوں کی تعداد 160 - 60 = 100 ہے۔
</reasoning>

<SOLUTION>100 لڑکیاں</SOLUTION>",True
177,زید اپنی تنخواہ کا ایک چوتھائی (1/4) حصہ کرائے پر، ایک تہائی (1/3) حصہ گاڑی کے ایندھن پر خرچ کرتا ہے، اور باقی بچی ہوئی رقم کا آدھا حصہ اپنے پسندیدہ خیراتی ادارے کو عطیہ کرتا ہے۔ وہ اپنی بیٹی کو ہفتہ وار اخراجات کے لیے 200 ڈالر دیتا ہے اور اپنی بیوی کو 700 ڈالر راشن اور دیگر گھریلو سامان کے بجٹ کے لیے دیتا ہے۔ اگر زید ماہانہ 6000 ڈالر کماتا ہے، تو ان تمام اخراجات اور عطیات کے بعد اس کے پاس کتنی رقم باقی رہے گی؟,350,"<reasoning>
زید کی ماہانہ تنخواہ 6000 ڈالر ہے۔ اس کے اخراجات اور عطیات کا حساب لگائیں:

1. **کرائے پر خرچ** = 6000 کا 1/4 = 6000 × 1/4 = 1500 ڈالر  
2. **گاڑی کے ایندھن پر خرچ** = 6000 کا 1/3 = 6000 × 1/3 = 2000 ڈالر  
3. **بچی ہوئی رقم** = 6000 - (1500 + 2000) = 6000 - 3500 = 2500 ڈالر  
4. **بچی ہوئی رقم کا آدھا حصہ خیرات پر** = 2500 × 1/2 = 1250 ڈالر  
5. **بچی ہوئی رقم** = 2500 - 1250 = 1250 ڈالر  

6. **بیٹی کو دیا گیا** = 200 ڈالر  
7. **بیوی کو دیا گیا** = 700 ڈالر  
8. **کل اخراجات** = 200 + 700 = 900 ڈالر  

9. **آخری باقی رقم** = 1250 - 900 = 350 ڈالر  
</reasoning>

<SOLUTION>350 ڈالر</SOLUTION>",True
178,رانی کے پاس مونیک سے دس کیکڑے زیادہ ہیں، جبکہ مونیک کے پاس بو سے چار کیکڑے کم ہیں۔ اگر بو کے پاس 40 کیکڑے ہیں، تو ان تینوں کے پاس ملا کر کل کتنے کیکڑے ہیں؟,122,"<reasoning>
ہمیں یہ پتہ چلتا ہے کہ بو کے پاس 40 کیکڑے ہیں۔ مونیک کے پاس بو سے چار کیکڑے کم ہیں، یعنی مونیک کے پاس 40 - 4 = 36 کیکڑے ہیں۔  

رانی کے پاس مونیک سے دس کیکڑے زیادہ ہیں، یعنی رانی کے پاس 36 + 10 = 46 کیکڑے ہیں۔  

اب ہم ان تینوں کے کیکڑوں کی کل تعداد پتہ کرنے کے لیے ہر کیکڑے کی تعداد کو جمع کریں:  
40 (بو کے پاس) + 36 (مونیک کے پاس) + 46 (رانی کے پاس) = 122  
</reasoning>

<SOLUTION>122 کیکڑے</SOLUTION>",True
179,لائیڈ ریاضی کی ٹیوشن سے 10 ڈالر فی گھنٹہ کماتا ہے۔ اس نے پہلے ہفتے 5 گھنٹے اور دوسرے ہفتے 8 گھنٹے ٹیوشن دی۔ پہلے دو ہفتوں میں اس نے کتنی کمائی؟,130,"<reasoning>
لائیڈ 10 ڈالر فی گھنٹہ کماتا ہے۔  
پہلے ہفتے 5 گھنٹے ٹیوشن دی، تو 5 × 10 = 50 ڈالر کمائے۔  
دوسرے ہفتے 8 گھنٹے ٹیوشن دی، تو 8 × 10 = 80 ڈالر کمائے۔  
پہلے دو ہفتوں کی کمائی = 50 + 80 = 130 ڈالر۔
</reasoning>

<SOLUTION>130 ڈالر</SOLUTION>",True
180,سراٸی کے اسکول میں کلاس نمائندے کے لیے دو امیدوار انتخاب لڑ رہے ہیں۔ اگر جیتنے والے کو ووٹوں کا 3/4 حصہ ملا اور کلاس میں ووٹ ڈالنے والے طلباء کی کل تعداد 80 تھی، تو ہارنے والے کو کتنے ووٹ ملے؟,20,"<reasoning>
سراٸی کے اسکول میں کلاس میں ووٹ ڈالنے والے طلباء کی کل تعداد 80 ہے۔ جیتنے والے کو ووٹوں کا 3/4 حصہ ملا۔ یعنی جیتنے والے کو 80 کا 3/4 حصہ ملا۔  
جیتنے والے کو ملنے والے ووٹ = 80 × 3/4 = 60  
کل ووٹ = 80  
ہارنے والے کو ملنے والے ووٹ = 80 - 60 = 20  
</reasoning>

<SOLUTION>20 ووٹ</SOLUTION>",True
181,سینڈرا، کونے کے آس پاس کی پھول فروش، فریڈ کے نامکمل آرڈر کی ترسیل سے بہت ناخوش ہے۔ سینڈرا نے سفید کارنیشنز کے مقابلے میں چار گنا زیادہ سرخ گلابوں کا آرڈر دیا تھا۔ اس نے 200 گلابی کیلا للیز بھی آرڈر کیے، جو سفید کارنیشنز کی تعداد کا پانچ گنا ہیں۔ سینڈرا نے دھمکی دی ہے کہ اگر شام 5 بجے تک باقی ماندہ سرخ گلاب نہیں پہنچائے گئے تو وہ سپلائر تبدیل کر لے گی۔ سینڈرا کا کاروبار برقرار رکھنے کے لیے، فریڈ کو شام 5 بجے تک کتنے سرخ گلاب پہنچانے ہوں گے؟,160,"<reasoning>
سینڈرا نے سفید کارنیشنز کے مقابلے میں چار گنا زیادہ سرخ گلابوں کا آرڈر دیا تھا۔ اور وہ 200 گلابی کیلا للیز بھی آرڈر کیے، جو سفید کارنیشنز کی تعداد کا پانچ گنا ہیں۔

ہمیں پتہ ہے کہ کیلا للیز کی تعداد 200 ہے، جو سفید کارنیشنز کی تعداد کا پانچ گنا ہے۔ یعنی سفید کارنیشنز کی تعداد 200 / 5 = 40 ہے۔

اب سرخ گلابوں کی تعداد سفید کارنیشنز کی تعداد کا چار گنا ہے، یعنی 40 × 4 = 160 سرخ گلابوں کا آرڈر دیا گیا۔

سینڈرا کو شام 5 بجے تک 160 سرخ گلاب پہنچانا ہوگا۔
</reasoning>

<SOLUTION>160 گلاب</SOLUTION>",True
182,جین مارک سے دو سال بڑی ہے۔ دو سال پہلے مارک جان کی عمر کے آدھے سے پانچ سال بڑا تھا۔ اگر جان 30 سال کا ہے تو جین کی عمر کتنی ہے؟,23,"<reasoning>
ہمیں پتہ ہے کہ جان 30 سال کا ہے۔ دو سال پہلے، مارک جان کی عمر کے آدھے سے پانچ سال بڑا تھا۔ دو سال پہلے جان کی عمر 30 - 2 = 28 سال تھی۔ اس لیے دو سال پہلے مارک کی عمر 28 / 2 + 5 = 14 + 5 = 19 سال تھی۔ اب مارک کی عمر 19 + 2 = 21 سال ہے۔ جین مارک سے دو سال بڑی ہے، اس لیے جین کی عمر 21 + 2 = 23 سال ہے۔
</reasoning>

<SOLUTION>23 سال</SOLUTION>",True
183,"دو ٹریک ٹیمیں ایک دوسرے کے خلاف 4x400 میٹر کی ریلے ریس میں مقابلہ کر رہی ہیں۔ یہ ایک ایسی دوڑ ہے جس میں ہر ٹیم کے چار ارکان ہوتے ہیں اور ہر رکن ایک معیاری ٹریک کے گرد 400 میٹر، یعنی ایک چکر، دوڑتا ہے۔

ان میں سے ایک ٹیم بہت متوازن ہے اور اس کا ہر رکن اپنی 400 میٹر کی دوڑ ٹھیک 55 سیکنڈ میں مکمل کرے گا۔ دوسری ٹیم کم متوازن ہے؛ اس کا پہلا رنر اپنی 400 میٹر کی دوڑ 60 سیکنڈ میں مکمل کرے گا، اور اس کے بعد ہر اگلا رنر پچھلے رنر سے 3 سیکنڈ تیز ہوگا۔

اس معلومات کی بنیاد پر بتائیں کہ تیز ٹیم کتنے سیکنڈ سے جیتے گی؟",2,"<reasoning>
ہمیں دو ٹیمیں کے درمیان 4x400 میٹر ریلے ریس کے حوالے سے معلومات دی گئی ہے۔ ہمیں یہ بتانا ہے کہ کون سی ٹیم جیتے گی اور کتنے سیکنڈ سے۔

پہلی ٹیم کے ہر رنر کی دوڑ 55 سیکنڈ میں مکمل ہوتی ہے۔ اس لیے پوری ٹیم کی دوڑ کا وقت 4 × 55 = 220 سیکنڈ ہوگا۔

دوسری ٹیم کے رنر کے وقت کے حوالے سے یہ بات دی گئی ہے کہ پہلا رنر 60 سیکنڈ میں دوڑ لے گا، دوسرا رنر 3 سیکنڈ تیز ہوگا، یعنی 57 سیکنڈ میں، تیسرا رنر 54 سیکنڈ میں، اور چوتھا رنر 51 سیکنڈ میں۔

دوسری ٹیم کے کل وقت کا حساب یوں لگائیں:
60 + 57 + 54 + 51 = 222 سیکنڈ

پہلی ٹیم کا وقت 220 سیکنڈ ہے، جو دوسری ٹیم کے 222 سیکنڈ سے کم ہے۔ اس لیے پہلی ٹیم جیتے گی اور اس کا وقت دوسری ٹیم کے وقت سے 2 سیکنڈ کم ہے۔
</reasoning>

<SOLUTION>2 سیکنڈ</SOLUTION>",True
184,جیری ایک چھ رخا ڈائی پھینک رہا ہے۔ اس بات کا امکان کہ وہ 3 سے بڑا نمبر حاصل کرے، اس امکان سے کتنے فیصد زیادہ ہے کہ وہ دو بار متواتر جفت اعداد حاصل کرے؟,25,"<reasoning>
جیری ایک چھ رخا ڈائی پھینک رہا ہے۔ چھ رخا ڈائی کے ہر رخ کی احتمالی ہے۔ ڈائی کے ہر رخ کی احتمالی 1/6 ہے۔

اگر جیری دو بار متواتر جفت اعداد حاصل کرے تو یہ ہے کہ دونوں بار ایک ہی عدد آئے۔ مثال کے طور پر 2,2 یا 3,3 وغیرہ۔

اگر جیری دو بار متواتر جفت اعداد حاصل کرے تو یہ ہے کہ دونوں بار ایک ہی عدد آئے۔ چونکہ ڈائی کے 6 اعداد ہیں، اس لیے دونوں بار ایک ہی عدد آنے کی احتمالی 1/6 ہے۔

اگر جیری دو بار متواتر جفت اعداد حاصل کرے تو احتمال 1/6 ہے۔

اگر جیری 3 سے بڑا نمبر حاصل کرے تو یہ ہے کہ وہ 4,5 یا 6 حاصل کرے۔ چونکہ ڈائی کے 3 اعداد ہیں جو 3 سے بڑے ہیں، اس لیے احتمال 3/6 یا 1/2 ہے۔

اگر جیری دو بار متواتر جفت اعداد حاصل کرے تو احتمال 1/6 ہے۔

اگر جیری 3 سے بڑا نمبر حاصل کرے تو احتمال 1/2 ہے۔

اگر جیری دو بار متواتر جفت اعداد حاصل کرے تو احتمال 1/6 ہے۔

اگر جیری 3 سے بڑا نمبر حاصل کرے تو احتمال 1/2 ہے۔

اگر جیری دو بار متواتر جفت اعداد حاصل کرے تو احتمال 1/6 ہے۔

اگر جیری 3 سے بڑا نمبر حاصل کرے تو احتمال 1/2 ہے۔

اگر جیری دو بار متواتر جفت اعداد حاصل کرے تو احتمال 1/6 ہے۔

اگر جیری 3 سے بڑا نمبر حاصل کرے تو احتمال 1/2 ہے۔

اگر جیری دو بار متواتر جفت اعداد حاصل کرے تو احتمال 1/6 ہے۔

اگر جیری 3 سے بڑا نمبر حاصل کرے تو احتمال 1/2 ہے۔

اگر جیری دو بار متواتر جفت اعداد حاصل کرے تو احتمال 1/6 ہے۔

اگر جیری 3 سے بڑا نمبر حاصل کرے تو احتمال 1/2 ہے۔

اگر جیری دو بار متواتر جفت اعداد حاصل کرے تو احتمال 1/6 ہے۔

اگر جیری 3 سے بڑا نمبر حاصل کرے تو احتمال 1/2 ہے۔

اگر جیری دو بار متواتر جفت اعداد حاصل کرے تو احتمال 1/6 ہے۔

اگر جیری 3 سے بڑا نمبر حاصل کرے تو احتمال 1/2 ہے۔

اگر جیری دو بار متواتر جفت اعداد حاصل کرے تو احتمال 1/6 ہے۔

اگر جیری 3 سے بڑا نمبر حاصل کرے تو احتمال 1/2 ہے۔

اگر جیری دو بار متواتر جفت اعداد حاصل کرے تو احتمال 1/6 ہے۔

اگر جیری 3 سے بڑا نمبر حاصل کرے تو احتمال 1/2 ہے۔

اگر جیری دو بار متواتر جفت اعداد حاصل کرے تو احتمال 1/6 ہے۔

اگر جیری 3 سے بڑا نمبر حاصل کرے تو احتمال 1/2 ہے۔

اگر جیری دو بار متواتر جفت اعداد حاصل کرے تو احتمال 1/6 ہے۔

اگر جیری 3 سے بڑا نمبر حاصل کرے تو احتمال 1/2 ہے۔

اگر جیری دو بار متواتر جفت اعداد حاصل کرے تو احتمال 1/6 ہے۔

اگر جیری 3 سے بڑا نمبر حاصل کرے تو احتمال 1/2 ہے۔

اگر جیری دو بار متواتر جفت اعداد حاصل کرے تو احتمال 1/6 ہے۔

اگر جیری 3 سے بڑا نمبر حاصل کرے تو احتمال 1/2 ہے۔

اگر جیری دو بار متواتر جفت اعداد حاصل کرے تو احتمال 1/6 ہے۔

اگر جیری 3 سے بڑا نمبر حاصل کرے تو احتمال 1/2 ہے۔

اگر جیری دو بار متواتر جفت اعداد حاصل کرے تو احتمال 1/6 ہے۔

اگر جیری 3 سے بڑا نمبر حاصل کرے تو احتمال 1/2 ہے۔

اگر جیری دو بار متواتر جفت اعداد حاصل کرے تو احتمال 1/6 ہے۔

اگر جیری 3 سے بڑا نمبر حاصل کرے تو احتمال 1/2 ہے۔

اگر جیری دو بار متواتر جفت اعداد حاصل کرے تو احتمال 1/6 ہے۔

اگر جیری 3 سے بڑا نمبر حاصل کرے تو احتمال 1/2 ہے۔

اگر جیری دو بار متواتر جفت اعداد حاصل کرے تو احتمال 1/6 ہے۔

اگر جیری 3 سے بڑا نمبر حاصل کرے تو احتمال 1/2 ہے۔

اگر جیری دو بار متواتر جفت اعداد حاصل کرے تو احتمال 1/6 ہے۔

اگر جیری 3 سے بڑا نمبر حاصل کرے تو احتمال 1/2 ہے۔

اگر جیری دو بار متواتر جفت اعداد حاصل کرے تو احتمال 1/6 ہے",False
185,جینا اور اس کی والدہ نے اپنے سیبوں کے باغ سے کچھ سیب توڑے۔ جینا نے اپنی والدہ سے آدھے سیب توڑے۔ اگر اس کی والدہ نے 20 سیب توڑے، تو ان دونوں نے مل کر کل کتنے سیب توڑے؟,30,"<reasoning>
جینا نے اپنی والدہ سے آدھے سیب توڑے، اور اس کی والدہ نے 20 سیب توڑے۔ یعنی جینا نے 20 سیب کے آدھے، یعنی 10 سیب توڑے۔ اس لیے دونوں نے مل کر 20 + 10 = 30 سیب توڑے۔
</reasoning>

<SOLUTION>30 سیب</SOLUTION>",True
186,رسل ایک پالتو جانوروں کی دکان میں کام کرتا ہے اور وہ چوہوں میں تنکے تقسیم کر رہا ہے۔ چوہوں کو 3 پنجروں میں برابر گروپوں میں رکھا گیا ہے اور ہر چوہے کو 6 تنکے دیے جاتے ہیں۔ ہیمسٹرز کے 10 پنجرے ہیں، جن میں ہر ہیمسٹر اکیلا رکھا جاتا ہے اور ہر ہیمسٹر کو 5 تنکے دیے جاتے ہیں۔ خرگوشوں کا ایک باڑہ بھی ہے جہاں خرگوشوں کے درمیان 20 تنکے تقسیم کیے جاتے ہیں۔ دکان میں کہیں بھی تنکے کا استعمال نہیں ہوتا۔ اگر چھوٹے جانوروں میں کل 160 تنکے تقسیم کیے گئے ہیں، تو ہر پنجرے میں کتنے چوہے ہیں؟,5,"<reasoning>
ہمیں پتہ ہے کہ چوہوں کو 3 پنجروں میں برابر گروپوں میں رکھا گیا ہے اور ہر چوہے کو 6 تنکے دیے جاتے ہیں۔ ہیمسٹرز کے 10 پنجرے ہیں، جن میں ہر ہیمسٹر اکیلا رکھا جاتا ہے اور ہر ہیمسٹر کو 5 تنکے دیے جاتے ہیں۔ خرگوشوں کا باڑہ ہے جہاں 20 تنکے تقسیم کیے جاتے ہیں۔ کل 160 تنکے تقسیم کیے گئے ہیں۔

ہمیں چوہوں کے پنجروں میں کتنے چوہے ہیں، یعنی ہر پنجرے میں کتنے چوہے ہیں، پتہ کرنا ہے۔

ہم چوہوں کے تنکے کی تعداد کو پتہ کریں گے۔ اس کے لیے ہم ہیمسٹرز اور خرگوشوں کے تنکے کی تعداد کو کل تنکوں سے گنوا دیں گے۔

- ہیمسٹرز کے تنکے = 10 پنجرے × 5 تنکے = 50 تنکے
- خرگوشوں کے تنکے = 20 تنکے
- کل چوہوں کے تنکے = 160 - (50 + 20) = 90 تنکے

ہر چوہے کو 6 تنکے دیے جاتے ہیں، تو چوہوں کی تعداد = 90 ÷ 6 = 15 چوہے

چوہوں کو 3 پنجروں میں برابر گروپوں میں رکھا گیا ہے، تو ہر پنجرے میں چوہوں کی تعداد = 15 ÷ 3 = 5 چوہے
</reasoning>

<SOLUTION>5 چوہے</SOLUTION>",True
187,مینڈی پر بینیڈکٹ کے 100 ڈالر واجب الادا ہیں۔ انہوں نے 2 فیصد ماہانہ سود پر اتفاق کیا۔ اگر مینڈی 3 مہینے بعد یہ رقم ادا کرتی ہے، تو اسے بینیڈکٹ کو کتنا دینا چاہیے؟,106,"<reasoning>
مینڈی کو بینیڈکٹ کو 100 ڈالر واجب الادا ہیں۔ اس پر 2 فیصد ماہانہ سود ہے۔ 3 مہینے بعد ادا کرنے پر سود کی رقم کا حساب یوں لگائیں:

1 مہینے کا سود = 100 × 2% = 2 ڈالر  
3 مہینے کا سود = 2 × 3 = 6 ڈالر  

کل رقم = اصل رقم + سود = 100 + 6 = 106 ڈالر  
</reasoning>

<SOLUTION>106 ڈالر</SOLUTION>",True
188,ایک تاجر ایک کسان سے 20 ڈالر فی تھیلا کے حساب سے گندم کے کچھ تھیلے خریدتا ہے۔ اگر ہر تھیلے کو کھیت سے گودام تک پہنچانے پر 2 ڈالر لاگت آتی ہے، اور تمام تھیلے 30 ڈالر فی تھیلا کے حساب سے بیچنے کے بعد تاجر کو کل 400 ڈالر کا منافع ہوا، تو اس نے کل کتنے تھیلے بیچے؟,50,"<reasoning>
تاجر نے 20 ڈالر فی تھیلا کے حساب سے گندم خریدی۔ ہر تھیلے کو پہنچانے پر 2 ڈالر لاگت آتی ہے، اس لیے ہر تھیلے کی کل لاگت 20 + 2 = 22 ڈالر ہوتی ہے۔

تاجر نے تمام تھیلے 30 ڈالر فی تھیلا کے حساب سے بیچے، اس لیے ہر تھیلے سے 30 - 22 = 8 ڈالر منافع ہوتا ہے۔

تاجر کو کل 400 ڈالر کا منافع ہوا، اس لیے بیچے گئے تھیلے کی تعداد = 400 / 8 = 50 ہے۔
</reasoning>

<SOLUTION>50 تھیلے</SOLUTION>",True
189,تین دوستوں نے میلے کے 3 ٹکٹوں پر 20.25 ڈالر خرچ کیے۔ انہوں نے کھانے پر ٹکٹوں کے مقابلے میں 4.50 ڈالر کم خرچ کیے۔ اس کے علاوہ، انہوں نے 2 مختلف سواریوں پر بھی سواریاں لیں، جن کی قیمت ہر سواری کے لیے 33 ڈالر ہے۔ اگر انہوں نے تمام اخراجات کو برابر تقسیم کرنے پر اتفاق کیا تو، ان میں سے ہر ایک نے کتنی رقم ادا کی؟,34,"<reasoning>
تین دوستوں نے میلے کے 3 ٹکٹوں پر 20.25 ڈالر خرچ کیے۔ یہ رقم 3 ٹکٹوں کی کل قیمت ہے۔ چونکہ 3 ٹکٹوں کی قیمت 20.25 ڈالر ہے، تو ہر ٹکٹ کی قیمت 20.25 / 3 = 6.75 ڈالر ہے۔

انہوں نے کھانے پر ٹکٹوں کے مقابلے میں 4.50 ڈالر کم خرچ کیے۔ یعنی کھانے پر 3 ٹکٹوں کے مقابلے میں 4.50 ڈالر کم خرچ کیا گیا۔ چونکہ 3 ٹکٹوں کی قیمت 20.25 ڈالر ہے، تو کھانے پر 20.25 - 4.50 = 15.75 ڈالر خرچ کیا گیا۔

اس کے علاوہ، انہوں نے 2 مختلف سواریوں پر بھی سواریاں لیں، جن کی قیمت ہر سواری کے لیے 33 ڈالر ہے۔ یعنی 2 سواریوں کی کل قیمت 2 × 33 = 66 ڈالر ہے۔

کل اخراجات = میلے کی ٹکٹوں کی قیمت + کھانے پر خرچ + سواریوں کی قیمت  
= 20.25 + 15.75 + 66 = 102 ڈالر

تین دوستوں نے تمام اخراجات کو برابر تقسیم کرنے پر اتفاق کیا۔ یعنی ہر دوست نے 102 / 3 = 34 ڈالر ادا کیے۔
</reasoning>

<SOLUTION>34 ڈالر</SOLUTION>",True
190,جان 3 گھنٹے تک آڑو جمع کرتا ہے۔ وہ ایک منٹ میں 2 آڑو جمع کر سکتا ہے۔ وہ کل کتنے آڑو جمع کرتا ہے؟,360,"<reasoning>
جان 3 گھنٹے تک آڑو جمع کرتا ہے۔ 1 گھنٹہ میں 60 منٹ ہوتے ہیں، اس لیے 3 گھنٹوں میں 3 × 60 = 180 منٹ ہوتے ہیں۔ جان ایک منٹ میں 2 آڑو جمع کر سکتا ہے، اس لیے 180 منٹ میں 180 × 2 = 360 آڑو جمع کرے گا۔
</reasoning>

<SOLUTION>360 آڑو</SOLUTION>",True
191,بطخوں کو زندہ رہنے کے لیے ہر ہفتے 3.5 پاؤنڈ کیڑے کھانے کی ضرورت ہوتی ہے۔ اگر دس بطخوں کا ایک غول ہو تو انہیں روزانہ کتنے پاؤنڈ کیڑوں کی ضرورت ہوگی؟,5,"<reasoning>
ہر بطخ کو ہر ہفتے 3.5 پاؤنڈ کیڑے کھانے کی ضرورت ہوتی ہے۔ اس لیے 10 بطخوں کو ہر ہفتے کیڑوں کی ضرورت ہوگی:  
10 × 3.5 = 35 پاؤنڈ  

اگر ہم ہفتے کی کل مقدار کو 7 روز میں تقسیم کر دیں تو روزانہ ضرورت ہوگی:  
35 ÷ 7 = 5 پاؤنڈ  
</reasoning>

<SOLUTION>5 پاؤنڈ</SOLUTION>",True
192,ٹام ہر سال 10 درخت لگاتا ہے۔ وہ ہر سال 2 درخت کاٹ بھی دیتا ہے۔ شروع میں اس کے پاس 50 درخت تھے۔ دس سال بعد، 30 فیصد درخت مر جاتے ہیں۔ اب اس کے پاس کتنے درخت باقی بچے ہیں؟,91,"<reasoning>
ٹام ہر سال 10 درخت لگاتا ہے اور 2 درخت کاٹ دیتا ہے، اس لیے ہر سال اس کے پاس 10 - 2 = 8 نئے درخت ہوتے ہیں۔

شروع میں ٹام کے پاس 50 درخت تھے۔ 10 سال بعد، ٹام کے پاس 50 + (8 × 10) = 50 + 80 = 130 درخت ہوں گے۔

لیکن 10 سال بعد، 30 فیصد درخت مر جاتے ہیں۔ یعنی 30% × 130 = 39 درخت مر جاتے ہیں۔

ایک سال بعد باقی باقی 130 - 39 = 91 درخت ہوتے ہیں۔
</reasoning>

<SOLUTION>91 درخت</SOLUTION>",True
193,سو ایک دلچسپ محلے میں رہتی ہے۔ ایک ویک اینڈ پر، پڑوسیوں نے سو کے ساتھ ایک شرارت کرنے کا فیصلہ کیا۔ جمعہ کی صبح، پڑوسیوں نے سو کے گھر کے سامنے والے لان میں 18 گلابی پلاسٹک کے فلیمنگو رکھ دیے۔ ہفتے کی صبح، پڑوسیوں نے ایک تہائی فلیمنگو واپس لیے، انہیں سفید رنگا، اور پھر ان نئے سفید فلیمنگو کو واپس سو کے لان میں رکھ دیا۔ پھر، اتوار کی صبح، انہوں نے اس مجموعے میں مزید 18 گلابی پلاسٹک کے فلیمنگو شامل کر دیے۔ اتوار کو دوپہر کے وقت، سفید پلاسٹک کے فلیمنگو کے مقابلے میں گلابی پلاسٹک کے فلیمنگو کتنے زیادہ تھے؟,24,"<reasoning>
اچھی، ہم یہ پوچھ رہے ہیں کہ اتوار کے دوپہر کے وقت، گلابی پلاسٹک کے فلیمنگو کتنے زیادہ تھے۔ ہمیں یہ پتہ چلنا چاہیے کہ اتوار کے دوپہر کے وقت کتنے فلیمنگو موجود تھے اور ان میں سے کتنے گلابی اور کتنے سفید تھے۔

- جمعہ کی صبح: 18 گلابی فلیمنگو رکھ دیے گئے۔
- ہفتے کی صبح: ایک تہائی فلیمنگو (18 / 3 = 6) واپس لیے گئے۔ اور یہ سفید رنگ کے تھے۔
- پھر ان سفید فلیمنگو کو واپس لان میں رکھ دیا گیا۔ اس لیے لان میں 6 سفید فلیمنگو موجود تھے۔
- اتوار کی صبح: مزید 18 گلابی فلیمنگو شامل کر دیے گئے۔

تو، اتوار کے دوپہر کے وقت:
- گلابی فلیمنگو = 18 (جمعہ کی صبح) + 18 (اتوار کی صبح) = 36
- سفید فلیمنگو = 6 (ہفتے کی صبح)

ہمیں گلابی فلیمنگو کتنے زیادہ تھے، یعنی:
36 (گلابی) - 6 (سفید) = 30

اس طرح، گلابی فلیمنگو سفید فلیمنگو سے 30 زیادہ تھے۔
</reasoning>

<SOLUTION>30</SOLUTION>",False
194,وایلیٹا نئے رنگ خریدنا چاہتی ہے۔ اسے پانچ مختلف رنگوں کی ضرورت ہے اور اس نے اس خریداری کے لیے 20 ڈالر تیار کیے ہیں۔ ایک رنگ کی قیمت 2 ڈالر ہے۔ اسے کتنے پیسے واپس ملیں گے؟,10,"<reasoning>
وایلیٹا نے 20 ڈالر تیار کیے ہیں اور اسے 5 رنگ خریدنا ہے۔ ہر رنگ کی قیمت 2 ڈالر ہے۔ پہلے ہم 5 رنگوں کی کل قیمت پتہ لگائیں گے۔  
5 رنگ × 2 ڈالر = 10 ڈالر  
اب ہم 20 ڈالر سے 10 ڈالر کی قیمت کو کم کریں گے۔  
20 ڈالر - 10 ڈالر = 10 ڈالر  
اگلے 10 ڈالر واپس ملیں گے۔
</reasoning>

<SOLUTION>10 ڈالر</SOLUTION>",True
195,ایک قلم کی قیمت ایک پنسل اور ربڑ کی مجموعی قیمت کے برابر ہے۔ ایک پنسل کی قیمت 1.20 ڈالر اور ربڑ کی قیمت 0.30 ڈالر ہے۔ 8 قلموں کی قیمت کتنی ہوگی؟,12,"<reasoning>
ایک قلم کی قیمت ایک پنسل اور ربڑ کی مجموعی قیمت کے برابر ہے۔ پنسل کی قیمت 1.20 ڈالر اور ربڑ کی قیمت 0.30 ڈالر ہے۔

پس، ایک قلم کی قیمت = 1.20 + 0.30 = 1.50 ڈالر ہے۔

اب، 8 قلموں کی قیمت = 8 × 1.50 = 12 ڈالر ہوگی۔
</reasoning>

<SOLUTION>12 ڈالر</SOLUTION>",True
196,ایک خاص شہر کے 40 ریستورانوں میں 200 پاؤنڈ گاجریں تقسیم کی جانی ہیں۔ ہر ریستوران کو 2 پاؤنڈ گاجریں ملیں گی۔ کتنے پاؤنڈ گاجریں استعمال نہیں ہوں گی؟,120,"<reasoning>
پہلے ہم یہ پتہ لگائیں کہ کتنے ریستورانوں کو گاجریں ملیں گی۔ ہر ریستوران کو 2 پاؤنڈ گاجریں ملیں گی اور کل 40 ریستوران ہیں۔

40 ریستوران × 2 پاؤنڈ = 80 پاؤنڈ

کل 200 پاؤنڈ گاجریں ہیں اور 80 پاؤنڈ استعمال ہوں گی۔

200 پاؤنڈ - 80 پاؤنڈ = 120 پاؤنڈ

اس طرح، 120 پاؤنڈ گاجریں استعمال نہیں ہوں گی۔
</reasoning>

<SOLUTION>120 پاؤنڈ</SOLUTION>",True
197,سوڈا شہر میں کل 23786 باشندے ہیں۔ ان میں 8417 مرد اور 9092 خواتین ہیں۔ باقی آبادی بچوں پر مشتمل ہے۔ سوڈا میں بچوں کی تعداد کتنی ہے؟,6277,"<reasoning>
سوڈا شہر میں کل باشندوں کی تعداد 23786 ہے۔ ان میں 8417 مرد اور 9092 خواتین ہیں۔ اس لیے مردوں اور خواتین کی کل تعداد 8417 + 9092 = 17509 ہے۔ باقی آبادی بچوں پر مشتمل ہے، جو کل باشندوں کی تعداد سے مردوں اور خواتین کی تعداد کو کم کر کے حساب کی جاتی ہے۔

23786 - 17509 = 6277

اس طرح سوڈا شہر میں 6277 بچے ہیں۔
</reasoning>

<SOLUTION>6277</SOLUTION>",True
198,ایلین کے پاس شروع میں 20 پوکیمون کارڈز تھے۔ ایک مہینے بعد، اس نے اس تعداد کا تین گنا جمع کیا۔ دوسرے مہینے میں، اس نے پہلے مہینے کے مقابلے میں 20 کارڈز کم جمع کیے۔ تیسرے مہینے میں، اس نے پہلے دو مہینوں میں جمع کیے گئے کارڈز کی کل تعداد کا دوگنا جمع کیا۔ اب اس کے پاس کل کتنے پوکیمون کارڈز ہیں؟,320,"<reasoning>
ایلین کے پاس شروع میں 20 پوکیمون کارڈز تھے۔  
اول مہینے میں، اس نے اس تعداد کا تین گنا جمع کیا، یعنی:  
20 × 3 = 60 کارڈز۔  
اول مہینے کے بعد کل کارڈز: 20 + 60 = 80 کارڈز۔  

دومہینے میں، اس نے پہلے مہینے کے مقابلے میں 20 کارڈز کم جمع کیے، یعنی:  
60 - 20 = 40 کارڈز۔  
دومہینے کے بعد کل کارڈز: 80 + 40 = 120 کارڈز۔  

تیسرے مہینے میں، اس نے پہلے دو مہینوں میں جمع کیے گئے کارڈز کی کل تعداد کا دوگنا جمع کیا، یعنی:  
(60 + 40) × 2 = 100 × 2 = 200 کارڈز۔  
تیسرے مہینے کے بعد کل کارڈز: 120 + 200 = 320 کارڈز۔  

اپنے پاس کل 320 پوکیمون کارڈز ہیں۔
</reasoning>

<SOLUTION>320</SOLUTION>",True
199,مارک ایک کاپی ایڈیٹر ہے۔ وہ ہر ہفتے دو مختلف پبلشرز کے لیے برابر تعداد میں جملوں کی اصلاح کرتا ہے، اور دونوں اسے فی جملہ مختلف شرح سے ادائیگی کرتے ہیں۔ پبلشر B، پبلشر A سے دوگنی ادائیگی کرتا ہے۔ مارک ہر ہفتے کل 1000 جملوں کی اصلاح کرتا ہے، اور پبلشر A اسے فی جملہ 5 سینٹ ادا کرتا ہے۔ مارک ایک ہفتے میں کل کتنے سینٹ کماتا ہے؟,7500,"<reasoning>
مارک ہر ہفتے 1000 جملوں کی اصلاح کرتا ہے، جو دو مختلف پبلشرز کے لیے برابر تعداد میں کرتا ہے۔ اس لیے، ہر پبلشرز کے لیے 500 جملوں کی اصلاح کرتا ہے۔

پبلشر A فی جملہ 5 سینٹ ادا کرتا ہے، اس لیے 500 جملوں پر 500 × 5 = 2500 سینٹ کماتا ہے۔

پبلشر B پبلشر A سے دوگنی ادائیگی کرتا ہے، اس لیے فی جملہ 10 سینٹ ادا کرتا ہے۔ 500 جملوں پر 500 × 10 = 5000 سینٹ کماتا ہے۔

کل کماتا ہے 2500 + 5000 = 7500 سینٹ۔
</reasoning>

<SOLUTION>7500 سینٹ</SOLUTION>",True
200,بالڈور ایک کنویں سے پانی لیتا ہے۔ وہ ہر صبح 5 بالٹیاں اور ہر دوپہر 6 بالٹیاں بھرتا ہے۔ اگر ہر بالٹی میں 5 لیٹر پانی ہے تو وہ ہر روز کتنے لیٹر پانی حاصل کرتا ہے؟,55,"<reasoning>
بالڈور ہر صبح 5 بالٹیاں اور ہر دوپہر 6 بالٹیاں بھرتا ہے۔ اس طرح ہر روز کل بالٹیاں = 5 + 6 = 11 بالٹیاں۔ ہر بالٹی میں 5 لیٹر پانی ہے۔ اس لیے ہر روز کل پانی = 11 × 5 = 55 لیٹر۔
</reasoning>

<SOLUTION>55 لیٹر</SOLUTION>",True
201,جان کام پر ایک ایوارڈ جیتتا ہے، جس میں 5000 ڈالر کا ایک بار کا مالی انعام اور تنخواہ میں 5 فیصد اضافہ شامل ہے۔ اگر وہ ہر ہفتے 2000 ڈالر کماتا ہے اور اسے یہ ایوارڈ سال کے پہلے دن ملا، تو اس نے اس سال کل کتنی رقم کمائی؟,114200,"<reasoning>
جان کام پر ایک ایوارڈ جیتتا ہے، جس میں 5000 ڈالر کا ایک بار کا مالی انعام اور تنخواہ میں 5 فیصد اضافہ شامل ہے۔ اسے یہ ایوارڈ سال کے پہلے دن ملا، اس لیے اس کی تنخواہ میں 5 فیصد اضافہ سال کے پہلے دن سے لے کر آخر تک ہوگا۔

جان ہر ہفتے 2000 ڈالر کماتا ہے۔ ایک سال میں 52 ہفتوں ہوتے ہیں۔ اس لیے، اس کی معمولی کمائی 52 × 2000 = 104000 ڈالر ہے۔

اب، ایوارڈ کے ذریعے 5 فیصد اضافہ ہوتا ہے۔ 5 فیصد 104000 ڈالر کے 5/100 = 5200 ڈالر ہے۔

اس لیے، ایوارڈ کے ذریعے 5200 ڈالر اور ایک بار کا مالی انعام 5000 ڈالر۔

کل کمائی = 104000 + 5200 + 5000 = 114200 ڈالر
</reasoning>

<SOLUTION>114200 ڈالر</SOLUTION>",True
202,جوسی اپنے 10 ایکڑ کے کھیت میں انگور اگاتی ہیں۔ ہر ایکڑ میں سالانہ 5 ٹن انگور پیدا ہوتے ہیں، اور ہر ٹن انگور سے 2 بیرل شراب بنتی ہے۔ اس کا کھیت سالانہ کتنے بیرل شراب پیدا کرتا ہے؟,100,"<reasoning>
جوسی کے کھیت میں 10 ایکڑ ہیں۔ ہر ایکڑ سے سالانہ 5 ٹن انگور پیدا ہوتے ہیں۔ اس طرح 10 ایکڑ سے کل انگور کی مقدار 10 × 5 = 50 ٹن ہوگی۔ ہر ٹن انگور سے 2 بیرل شراب بنتی ہے، اس لیے 50 ٹن انگور سے 50 × 2 = 100 بیرل شراب پیدا ہوتی ہے۔
</reasoning>

<SOLUTION>100 بیرل</SOLUTION>",True
203,کارل کا پسندیدہ کھانا پنیر ہے۔ اس ہفتے اس نے ہر روز دوپہر کے کھانے میں ایک سینڈوچ کھایا اور ہر سینڈوچ پر پنیر کے 2 سلائس استعمال کیے۔ ہفتے میں 3 دن اس نے ناشتے میں پنیر اور انڈے کے آملیٹ کھائے اور ہر آملیٹ میں سینڈوچ سے ایک سلائس زیادہ استعمال کیا۔ اس نے ہفتے کے کئی رات کے کھانوں کے لیے میکرونی اور پنیر کی ایک بڑی ڈش بنائی اور اس میں پنیر کے 8 سلائس استعمال کیے۔ اس نے پنیر کے کل کتنے سلائس استعمال کیے؟,31,"<reasoning>
کارل کے پسندیدہ کھانا پنیر ہے۔ اس نے ہر روز دوپہر کے کھانے میں ایک سینڈوچ کھایا اور ہر سینڈوچ پر پنیر کے 2 سلائس استعمال کیے۔ ہفتے میں 7 دن ہوتے ہیں، اس لیے ہر روز دوپہر کے کھانے میں 7 سینڈوچ کھائے، جس کے لیے 7 × 2 = 14 سلائس استعمال کیے۔

ہفتے میں 3 دن اس نے ناشتے میں پنیر اور انڈے کے آملیٹ کھائے اور ہر آملیٹ میں سینڈوچ سے ایک سلائس زیادہ استعمال کیا۔ یعنی ہر آملیٹ میں 2 + 1 = 3 سلائس استعمال کیے۔ 3 دن کے لیے 3 × 3 = 9 سلائس استعمال کیے۔

ہفتے کے کئی رات کے کھانوں کے لیے میکرونی اور پنیر کی ایک بڑی ڈش بنائی اور اس میں پنیر کے 8 سلائس استعمال کیے۔

کل استعمال کردہ پنیر کے سلائس = 14 (دوپہر کے کھانے) + 9 (ناشتے) + 8 (رات کے کھانے) = 31 سلائس
</reasoning>

<SOLUTION>31 سلائس</SOLUTION>",True
204,جینیٹ کے پاس 22 سبز قلم اور 10 پیلے قلم تھے۔ پھر اس نے نیلے قلموں کے 6 تھیلے اور سرخ قلموں کے 2 تھیلے خریدے۔ نیلے رنگ کے ہر تھیلے میں 9 قلم اور سرخ رنگ کے ہر تھیلے میں 6 قلم تھے۔ اب جینیٹ کے پاس کل کتنے قلم ہیں؟,98,"<reasoning>
جینیٹ کے پاس پہلے 22 سبز قلم اور 10 پیلے قلم تھے۔ یہ 22 + 10 = 32 قلم ہیں۔

پھر اس نے نیلے قلموں کے 6 تھیلے اور سرخ قلموں کے 2 تھیلے خریدے۔ نیلے رنگ کے ہر تھیلے میں 9 قلم اور سرخ رنگ کے ہر تھیلے میں 6 قلم تھے۔

نیلے قلموں کی کل تعداد = 6 × 9 = 54  
سرخ قلموں کی کل تعداد = 2 × 6 = 12  

کل قلموں کی تعداد = 32 (پہلے قلم) + 54 (نیلے قلم) + 12 (سرخ قلم) = 98
</reasoning>

<SOLUTION>98</SOLUTION>",True
205,برنلی مسٹر برٹ کی ریاضی کی کلاس میں ہے۔ مسٹر برٹ ہر سمسٹر میں چھ ٹیسٹ لیتے ہیں۔ وہ طلباء کو ہر سمسٹر میں  اوسط نکالتےوقت سب سے کم اسکور ہٹانے کی اجازت دیتے ہیں۔ اگر برنلی کے پہلے پانچ ٹیسٹوں میں اسکور 89، 71، 92، 100 اور 86 ہیں، تو 93 کی اوسط حاصل کرنے کے لیے اسے چھٹے ٹیسٹ میں کتنا اسکور کرنا ہوگا؟,98,"<reasoning>
برنلی کے پہلے پانچ ٹیسٹوں میں اسکور 89، 71، 92، 100 اور 86 ہیں۔ یہ پانچ اسکور کا مجموعہ ہے:  
89 + 71 + 92 + 100 + 86 = 438

مسٹر برٹ ہر سمسٹر میں چھ ٹیسٹ لیتے ہیں اور 93 کی اوسط حاصل کرنے کے لیے کل 6 ٹیسٹوں کا مجموعہ 93 × 6 = 558 ہونا چاہیے۔

چھٹے ٹیسٹ کا اسکور = 558 - 438 = 120  
لہذا، برنلی کو چھٹے ٹیسٹ میں 120 اسکور کرنا ہوگا۔
</reasoning>

<SOLUTION>120</SOLUTION>",False
206,مائیکل کو سائیکل چلانا بہت پسند ہے۔ وہ ہر ہفتے کم از کم 5 بار سائیکل چلاتا ہے اور ہر بار 25 کلومیٹر کا فاصلہ طے کرتا ہے۔ اس نے یہ چار ہفتوں تک جاری رکھا، اور پھر اس نے فیصلہ کیا کہ وہ صرف ہفتے میں 2 بار سائیکل چلائےگا ، لیکن ہر بار 60 کلومیٹر کا سفر کرے گا، اور اس نے یہ 3 ہفتوں تک کیا۔ مجموعی طور پر مائیکل نے کتنے کلومیٹر کا سفر کیا؟,860,"<reasoning>
مائیکل نے پہلے چار ہفتوں میں ہر ہفتے 5 بار سائیکل چلاتا ہے اور ہر بار 25 کلومیٹر کا فاصلہ طے کرتا ہے۔  
پہلے چار ہفتوں میں کل سفر کی گئی فاصلہ = 4 × 5 × 25 = 500 کلومیٹر۔  

پھر وہ 3 ہفتوں تک ہر ہفتے 2 بار سائیکل چلاتا ہے اور ہر بار 60 کلومیٹر کا فاصلہ طے کرتا ہے۔  
آخری 3 ہفتوں میں کل سفر کی گئی فاصلہ = 3 × 2 × 60 = 360 کلومیٹر۔  

میں نے کل سفر کی گئی فاصلہ = 500 + 360 = 860 کلومیٹر۔
</reasoning>

<SOLUTION>860 کلومیٹر</SOLUTION>",True
207,جو کے ہالووین کینڈی والے بیگ میں 25 چاکلیٹ بارز اور 80 کینڈی والے سیب ہیں۔ ہر چاکلیٹ بار کا وزن ہر کینڈی والے سیب سے دوگنا ہے۔ اگر ہر چاکلیٹ بار کا وزن 40 گرام ہے، تو جو کے کینڈی کے بیگ کا کل وزن گرام میں کتنا ہوگا؟,2600,"<reasoning>
ہمیں دو چیزیں دی گئی ہیں:  
1. 25 چاکلیٹ بارز  
2. 80 کینڈی والے سیب  

ہر چاکلیٹ بار کا وزن 40 گرام ہے۔  
چاکلیٹ بارز کا کل وزن = 25 × 40 = 1000 گرام  

کینڈی والے سیب کا وزن چاکلیٹ بار کے وزن کا آدھا ہے، یعنی 40 ÷ 2 = 20 گرام۔  
کینڈی والے سیب کا کل وزن = 80 × 20 = 1600 گرام  

کل وزن = چاکلیٹ بارز کا وزن + کینڈی والے سیب کا وزن  
= 1000 + 1600 = 2600 گرام  
</reasoning>

<SOLUTION>2600 گرام</SOLUTION>",True
208,روز پیر کو ایک دکان پر گئی اور 4 کیک خریدے۔ منگل کو وہ ایک دوسری دکان پر گئی اور اس سے تین گنا زیادہ کیک خریدے۔ بدھ کو وہ ایک اور دکان پر گئی اور منگل کی تعداد سے پانچ گنا زیادہ کیک خریدے۔ تینوں دنوں میں ملا کر اس نے کل کتنے کیک خریدے؟,76,"<reasoning>
روز پیر کو 4 کیک خریدے۔  
منگل کو 3 گنا زیادہ کیک خریدے، یعنی 4 × 3 = 12 کیک۔  
بدھ کو منگل کی تعداد سے 5 گنا زیادہ کیک خریدے، یعنی 12 × 5 = 60 کیک۔  
کل کیک کی تعداد = 4 + 12 + 60 = 76 کیک۔
</reasoning>

<SOLUTION>76 کیک</SOLUTION>",True
209,بیس درجن کپوں کی قیمت، 6000 ڈالر فی عدد کے حساب سے فروخت ہونے والی آدھا درجن پلیٹوں کی کل قیمت سے 1200 ڈالر کم ہے۔ ہر کپ کی قیمت کا حساب لگائیں۔,145,"<reasoning>
ہمیں دو مختلف چیزوں کی قیمت کے بارے میں دی گئی تفصیلیں ہیں:

1. بیس درجن (24) کپوں کی قیمت 6000 ڈالر فی عدد کے حساب سے ہے۔
2. آدھا درجن (12) پلیٹوں کی کل قیمت بیس درجن کپوں کی قیمت سے 1200 ڈالر کم ہے۔

ہمیں ہر کپ کی قیمت پتہ لانا ہے۔

اگر ہر کپ کی قیمت $x$ ہے، تو بیس درجن کپوں کی کل قیمت 24x ہوگی۔

آدھا درجن پلیٹوں کی قیمت 24x - 1200 ہے۔

ہمیں ہر کپ کی قیمت $x$ پتہ لانا ہے، جس کے لیے ہم 24x کا حساب لگا کر ہر کپ کی قیمت پتہ لائیں گے۔
</reasoning>

<SOLUTION>
بیس درجن کپوں کی کل قیمت 24 × 6000 = 144000 ڈالر ہے۔

اگر ہر کپ کی قیمت $x$ ہے، تو:
24x = 144000

x = 144000 ÷ 24 = 6000

ہر کپ کی قیمت 6000 ڈالر ہے۔

</SOLUTION>",False
210,سارہ اپنے لیے ایک نئی جیکٹ اور جوتوں کے دو جوڑے خریدنا چاہتی ہے۔ جیکٹ کی قیمت 30 ڈالر ہے اور جوتوں کے ہر جوڑے کی قیمت 20 ڈالر ہے۔ سارہ نے پڑوسیوں کے بچوں کی 4 بار دیکھ بھال کی، جس سے اسے ہر بار 5 ڈالر ملے۔ اس کے والدین اسے لان کی گھاس کاٹنے پر ہر بار 4 ڈالر دیتے ہیں۔ اگر بچوں کی دیکھ بھال شروع کرنے سے پہلے سارہ کے پاس 10 ڈالر جمع تھے، تو اسے جیکٹ اور جوتے خریدنے کے لیے کتنی بار لان کی گھاس کاٹنی پڑے گی؟,10,"<reasoning>
سارہ کو جیکٹ اور جوتوں کے لیے کل 30 + (20 × 2) = 70 ڈالر کی ضرورت ہے۔

سارہ کے پاس پہلے 10 ڈالر تھے، اس لیے اسے 70 - 10 = 60 ڈالر مزید حاصل کرنے ہوں گے۔

سارہ نے 4 بار بچوں کی دیکھ بھال کی، جس سے اسے 4 × 5 = 20 ڈالر ملے۔

اس کے والدین اسے ہر بار 4 ڈالر دیتے ہیں۔ اس لیے اگر اسے x بار لان کی گھاس کاٹنی پڑے، تو اسے 4x ڈالر ملے گا۔

کل حاصل کیے گئے ڈالر = 20 + 4x

یہ 60 ڈالر کے برابر ہونا چاہیے:

20 + 4x = 60  
4x = 40  
x = 10

ایسے طور پر، سارہ کو 10 بار لان کی گھاس کاٹنی پڑے گی۔
</reasoning>

<SOLUTION>10 بار</SOLUTION>",True
211,جیری کے پاس مرغیوں کا ایک جھنڈ ہے۔ سرخ مرغیاں روزانہ 3 انڈے دیتی ہیں، اور سفید مرغیاں روزانہ 5 انڈے دیتی ہیں۔ جیری ہر روز 42 انڈے جمع کرتا ہے۔ اگر اس کے پاس سرخ مرغیوں سے دو زیادہ سفید مرغیاں ہیں، تو اس کے پاس کتنی سرخ مرغیاں ہیں؟,4,"<reasoning>
ہمیں پتہ ہے کہ جیری کے پاس سرخ مرغیوں سے دو زیادہ سفید مرغیاں ہیں، اور ہر روز 42 انڈے جمع کرتا ہے۔ سرخ مرغیاں روزانہ 3 انڈے دیتی ہیں، اور سفید مرغیاں روزانہ 5 انڈے دیتی ہیں۔

میں ایک فرض کر لیتا ہوں کہ جیری کے پاس x سرخ مرغیاں ہیں۔ تو سفید مرغیاں x + 2 ہیں۔

سرخ مرغیوں کے انڈے = 3x  
سفید مرغیوں کے انڈے = 5(x + 2)  

کل انڈے = 3x + 5(x + 2) = 42

اب ہم یہ معادلہ حل کریں گے:  
3x + 5(x + 2) = 42  
3x + 5x + 10 = 42  
8x + 10 = 42  
8x = 32  
x = 4

یہ ہے کہ جیری کے پاس 4 سرخ مرغیاں ہیں۔
</reasoning>

<SOLUTION>4 سرخ مرغیاں</SOLUTION>",True
212,گیری کو مقامی پارک کے کنارے چہل قدمی کرنا پسند ہے، جو 1.5 میل چوڑا اور 6 میل لمبا ایک مستطیل ہے۔ اگر وہ 3 میل فی گھنٹہ کی رفتار سے چلے، تو اسے چلنے میں کتنے گھنٹے لگیں گے؟,5,"<reasoning>
گیری کو چلنے والے راستے کی مجموعی لمبائی پتھ معلوم کرنے کے لیے ہم اس کے اطراف کی لمبائی (Perimeter) نکالیں گے۔

مستطیل کا اطراف کی لمبائی (Perimeter) = 2 × (طول + چوڑائی)  
= 2 × (6 میل + 1.5 میل)  
= 2 × 7.5 میل  
= 15 میل

گیری 3 میل فی گھنٹہ کی رفتار سے چل رہی ہے۔  
وقت = فاصلہ / رفتار  
= 15 میل / 3 میل فی گھنٹہ  
= 5 گھنٹے
</reasoning>

<SOLUTION>5 گھنٹے</SOLUTION>",True
213,ڈالر اسٹور پر، سلوین نے 100 گاہکوں کو اسٹور میں داخل ہوتے ہوئے گنا۔ اگلے دن، اس نے پہلے دن کے مقابلے میں 50 زیادہ گاہک گنے۔ اگر تیسرے دن تک گاہکوں کی کل تعداد 500 تھی، تو اس نے تیسرے دن کتنے گاہک گنے؟,250,"<reasoning>
پہلے دن 100 گاہکوں کو گنے گئے۔  
دومین 50 زیادہ گاہکوں کو گنے گئے، جو 100 + 50 = 150 ہے۔  
تیسرے دن تک کل گاہکوں کی تعداد 500 ہے۔  
پہلے دو دنوں میں گنے گئے گاہکوں کی کل تعداد 100 + 150 = 250 ہے۔  
تو تیسرے دن گنے گئے گاہکوں کی تعداد 500 - 250 = 250 ہے۔
</reasoning>

<SOLUTION>250</SOLUTION>",True
214,جیری کے پاس دو تالاب ہیں، اور دونوں سے 4 گیلن فی منٹ کی رفتار سے پانی رس رہا ہے۔ چار منٹ پہلے، بڑے تالاب میں چھوٹے تالاب سے دوگنا پانی تھا۔ اب بڑے تالاب میں چھوٹے تالاب سے چار گنا زیادہ پانی ہے۔ اس وقت چھوٹے تالاب میں کتنا پانی ہے؟,8,"<reasoning>
میں اس مسئلے کو حل کرنے کے لیے ایک سیٹ آف متغیرات لے کر شروع کروں گا۔

فرض کریں کہ چھوٹے تالاب میں اب پانی کی مقدار $ x $ گیلن ہے۔  
تو بڑے تالاب میں اب پانی کی مقدار $ 4x $ گیلن ہے۔

چار منٹ پہلے، چھوٹے تالاب میں پانی کی مقدار $ x - 4 \times 4 = x - 16 $ گیلن ہوگی۔  
اور بڑے تالاب میں پانی کی مقدار $ 4x - 16 $ گیلن ہوگی۔

اس وقت دی گئی معلومات کے مطابق:
- چار منٹ پہلے، بڑے تالاب میں چھوٹے تالاب سے دوگنا پانی تھا۔
- اب، بڑے تالاب میں چھوٹے تالاب سے چار گنا پانی ہے۔

ہم اس سے ایک معادلہ بناسکتے ہیں:

$$
4x - 16 = 2(x - 16)
$$

اب ہم اس معادلہ کو حل کریں گے:
$$
4x - 16 = 2x - 32
$$
$$
4x - 2x = -32 + 16
$$
$$
2x = -16
$$
$$
x = -8
$$

یہ نتیجہ غلط ہے کیونکہ پانی کی مقدار منفی نہیں ہوسکتی۔ ہم ایک غلط فرض کر لیا ہے۔

اگر ہم دوبارہ دی گئی معلومات کو دیکھیں تو:
- اب بڑے تالاب میں چھوٹے تالاب سے چار گنا پانی ہے۔
- چار منٹ پہلے، بڑے تالاب میں چھوٹے تالاب سے دو گنا پانی تھا۔

ہم ایک نیا فرض کریں گے کہ چھوٹے تالاب میں اب $ x $ گیلن پانی ہے۔  
تو بڑے تالاب میں $ 4x $ گیلن پانی ہے۔

چار منٹ پہلے:
- چھوٹے تالاب میں $ x - 16 $ گیلن پانی ہوگا۔  
- بڑے تالاب میں $ 4x - 16 $ گیلن پانی ہوگا۔

ہم اس سے ایک معادلہ بنائیں:
$$
4x - 16 = 2(x - 16)
$$

$$
4x - 16 = 2x - 32
$$

$$
4x - 2x = -32 + 16
$$

$$
2x = -16
$$

$$
x = -8
$$

یہ بھی غلط ہے۔

ہم ایک اور فرض کریں گے کہ چھوٹے تالاب میں اب $ x $ گیلن پانی ہے۔  
تو بڑے تالاب میں $ 4x $ گیلن پانی ہے۔

چار منٹ پہلے:
- چھوٹے تالاب میں $ x - 16 $ گیلن پانی ہوگا۔  
- بڑے تالاب میں $ 4x - 16 $ گیلن پانی ہوگا۔

ہم اس سے ایک معادلہ بنائیں:
$$
4x - 16 = 2(x - 16)
$$

$$
4x - 16 = 2x - 32
$$

$$
4x - 2x = -32 + 16
$$

$$
2x = -16
$$

$$
x = -8
$$

ہم ایک اور فرض کریں گے کہ چھوٹے تالاب میں اب $ x $ گیلن پانی ہے۔  
تو بڑے تالاب میں $ 4x $ گیلن پانی ہے۔

چار منٹ پہلے:
- چھوٹے تالاب میں $ x - 16 $ گیلن پانی ہوگا۔  
- بڑے تالاب میں $ 4x - 16 $ گیلن پانی ہوگا۔

ہم اس سے ایک معادلہ بنائیں:
$$
4x - 16 = 2(x - 16)
$$

$$
4x - 16 = 2x - 32
$$

$$
4x - 2x = -32 + 16
$$

$$
2x = -16
$$

$$
x = -8
$$

ہم ایک اور فرض کریں گے کہ چھوٹے تالاب میں اب $ x $ گیلن پانی ہے۔  
تو بڑے تالاب میں $ 4x $ گیلن پانی ہے۔

چار منٹ پہلے:
- چھوٹے تالاب میں $ x - 16 $ گیلن پانی ہوگا۔  
- بڑے تالاب میں $ 4x - 16 $ گیلن پانی ہوگا۔

ہم اس سے ایک معادلہ بنائیں:
$$
4x - 16 = 2(x - 16)
$$

$$
4x - 16 = 2x - 32
$$

$$
4x - 2x = -32 + 16
$$

$$
2x = -16
$$

$$
x = -8
$$

ہم ایک اور فرض کریں گے کہ چھوٹے تالاب میں اب $ x $ گیلن پانی ہے۔  
تو بڑے تالاب میں $ 4x $ گیلن پانی ہے۔

چار منٹ پہلے:
- چھوٹے تالاب میں $ x - 16 $ گیلن پانی ہوگا۔  
- بڑے تالاب میں $ 4x - 16 $ گیلن پانی ہوگا۔

ہم اس سے ایک معادلہ بنائیں:
$$
4x - 16 = 2(x - 16)
$$

$$
4x - 16 = 2x - 32
$$

$$
4x - 2x = -32 + 16
$$

$$
",False
215,لوری 320 ڈالر کے جوتوں کا ایک جوڑا اور اس سے ملتا جلتا 32 ڈالر کا ایک بیلٹ خریدنا چاہتی ہے۔ اسے اپنی پارٹ ٹائم نوکری سے 8 ڈالر فی گھنٹہ ملتے ہیں۔ یہ خریداری کرنے کے لیے اسے کتنے گھنٹے کام کرنا پڑے گا؟,44,"<reasoning>
لوری کو 320 ڈالر کے جوتوں اور 32 ڈالر کے بیلٹ خریدنا چاہیے۔ دونوں کی کل قیمت 320 + 32 = 352 ڈالر ہے۔ لوری کو 8 ڈالر فی گھنٹہ ملتے ہیں۔ اس لیے، اسے 352 ÷ 8 = 44 گھنٹے کام کرنا پڑے گا۔
</reasoning>

<SOLUTION>44 گھنٹے</SOLUTION>",True
216,جینیٹ نے 2000 ڈالر قرض لیا اور وعدہ کیا کہ وہ اسے 10 فیصد اضافی رقم کے ساتھ واپس کرے گی۔ اگر وہ 12 مہینوں تک ہر ماہ 165 ڈالر ادا کرے گی تو اس وقت جینیٹ کا باقی بیلنس کتنا ہوگا؟,220,"<reasoning>
جینیٹ نے 2000 ڈالر قرض لیا ہے اور اسے 10 فیصد اضافی رقم کے ساتھ واپس کرے گی۔ یعنی اس کی کل ادا کرنی والی رقم 2000 + (2000 × 10/100) = 2000 + 200 = 2200 ڈالر ہے۔

وہ 12 مہینوں تک ہر ماہ 165 ڈالر ادا کرے گی، تو 12 مہینوں میں کل ادا کرنی والی رقم 12 × 165 = 1980 ڈالر ہوگی۔

اب 2200 ڈالر میں سے 1980 ڈالر کم کرنے پر باقی بیلنس 2200 - 1980 = 220 ڈالر ہوگا۔
</reasoning>

<SOLUTION>220 ڈالر</SOLUTION>",True
217,گلدان میں 4 گلاب ہیں۔ گلابوں کی تعداد سے 7 زیادہ ڈیلیے(Dahlias) ہیں۔ گلدان میں کل کتنے پھول ہیں؟,15,"<reasoning>
گلدان میں 4 گلاب ہیں۔ گلابوں کی تعداد سے 7 زیادہ ڈیلیے ہیں، یعنی ڈیلیے کی تعداد 4 + 7 = 11 ہیں۔  
کل پھولوں کی تعداد = گلابوں کی تعداد + ڈیلیوں کی تعداد = 4 + 11 = 15  
</reasoning>

<SOLUTION>15</SOLUTION>",True
218,ایڈرین کی عمر ہیریئٹ کی عمر سے تین گنا ہے، اور ہیریئٹ کی عمر زیک کی عمر کا نصف ہے۔ اگر ہیریئٹ کی موجودہ عمر 21 سال ہے، تو تین سال بعد ان تینوں کی اوسط عمر معلوم کریں۔,45,"<reasoning>
ہیریئٹ کی موجودہ عمر 21 سال ہے۔  
ایڈرین کی عمر ہیریئٹ کی عمر سے تین گنا ہے، اس لیے ایڈرین کی عمر = 3 × 21 = 63 سال ہے۔  
ہیریئٹ کی عمر زیک کی عمر کا نصف ہے، اس لیے زیک کی عمر = 2 × 21 = 42 سال ہے۔  

تین سال بعد ان تینوں کی عمریں ہوں گی:  
- ہیریئٹ کی عمر = 21 + 3 = 24 سال  
- ایڈرین کی عمر = 63 + 3 = 66 سال  
- زیک کی عمر = 42 + 3 = 45 سال  

ان تینوں کی اوسط عمر = (24 + 66 + 45) / 3 = 135 / 3 = 45 سال  
</reasoning>

<SOLUTION>45 سال</SOLUTION>",True
219,چار طلباء نے ایک بورڈ گیم میں مجموعی طور پر 251 پوائنٹس حاصل کیے۔ نعومی نے 68 پوائنٹس حاصل کیے۔ یوری نے نعومی کے پوائنٹس کے نصف سے 10 زیادہ پوائنٹس حاصل کیے اور بریانا نے نعومی سے 17 پوائنٹس زیادہ حاصل کیے۔ جوجو نے کتنے پوائنٹس حاصل کیے؟,54,"<reasoning>
چار طلباء نے مجموعی طور پر 251 پوائنٹس حاصل کیے۔ نعومی نے 68 پوائنٹس حاصل کیے۔ یوری نے نعومی کے پوائنٹس کے نصف سے 10 زیادہ پوائنٹس حاصل کیے، جو 68 کا نصف 34 ہے، اس لیے یوری نے 34 + 10 = 44 پوائنٹس حاصل کیے۔ بریانا نے نعومی سے 17 پوائنٹس زیادہ حاصل کیے، جو 68 + 17 = 85 پوائنٹس ہیں۔ اب ہم تمام طلباء کے پوائنٹس کا مجموعہ یہ ہے: 68 (نعومی) + 44 (یوری) + 85 (بریانا) = 197 پوائنٹس۔ مجموعی طور پر 251 پوائنٹس حاصل کیے گئے ہیں، اس لیے جوجو کے پوائنٹس 251 - 197 = 54 ہیں۔
</reasoning>

<SOLUTION>54 پوائنٹس</SOLUTION>",True
220,کارمین کو ایک کراس ورڈ پزل حل کرنے میں 10 منٹ اور ایک سوڈوکو پزل حل کرنے میں 5 منٹ لگتے ہیں۔ ہفتے کے آخر میں اس نے 3 کراس ورڈ پزل اور 8 سوڈوکو پزل حل کیے۔ اس نے ان کھیلوں میں کتنا وقت صرف کیا؟,70,"<reasoning>
کارمین کو ایک کراس ورڈ پزل حل کرنے میں 10 منٹ لگتے ہیں۔ اس نے 3 کراس ورڈ پزل حل کیے، تو کراس ورڈ پزل کے لیے لگنے والے کل وقت 10 × 3 = 30 منٹ ہوں گے۔

ایک سوڈوکو پزل حل کرنے میں 5 منٹ لگتے ہیں۔ اس نے 8 سوڈوکو پزل حل کیے، تو سوڈوکو پزل کے لیے لگنے والے کل وقت 5 × 8 = 40 منٹ ہوں گے۔

کل وقت = کراس ورڈ پزل کے لیے وقت + سوڈوکو پزل کے لیے وقت = 30 + 40 = 70 منٹ
</reasoning>

<SOLUTION>70 منٹ</SOLUTION>",True
221,ایک پانی کا ٹینک 120 لیٹر پانی سے بھرا ہوا ہے۔ سیلین نے اپنے چھوٹے باغ کو پانی دینے کے لیے ٹینک سے 90 لیٹر پانی استعمال کیا۔ اس کے بعد وہ بارش کا پانی جمع کرنے میں کامیاب ہوگئی جو باقی بچے ہوئے پانی سے دوگنا ہے۔ اب ٹینک میں کتنے لیٹر پانی موجود ہے؟,90,"<reasoning>
پہلی پوزیشن میں ٹینک میں 120 لیٹر پانی ہے۔ سیلین نے 90 لیٹر پانی استعمال کیا، اس لیے باقی پانی 120 - 90 = 30 لیٹر ہے۔  
بارش کا پانی جمع کرنے میں کامیاب ہوگئی جو باقی بچے ہوئے پانی سے دوگنا ہے، اس لیے بارش کا پانی 30 × 2 = 60 لیٹر ہے۔  
اب ٹینک میں 30 + 60 = 90 لیٹر پانی موجود ہے۔
</reasoning>

<SOLUTION>90 لیٹر</SOLUTION>",True
222,اینڈی نے جیرینیم کے 90 پودے لگائے اور پٹونیا کے پودے، جیرینیم سے 40 کم لگائے۔ اس نے کُل کتنے پھول لگائے؟,140,"<reasoning>
اینڈی نے جیرینیم کے 90 پودے لگائے۔ پٹونیا کے پودے جیرینیم سے 40 کم لگائے گئے، جس کے لیے 90 - 40 = 50 پودے لگائے گئے۔ اب کل پودوں کی تعداد 90 (جیرینیم) + 50 (پٹونیا) = 140 ہے۔
</reasoning>

<SOLUTION>140</SOLUTION>",True
223,ایک کمپنی ایک سال تشہیر پر 15000 ڈالر خرچ کرتی ہے، اور پھر اگلے سال اسی رقم کا ایک تہائی حصہ خرچ کرتی ہے۔ کمپنی نے ان دو سالوں میں تشہیر پر کل کتنی رقم خرچ کی؟,20000,"<reasoning>
کمپنی پہلے سال 15000 ڈالر تشہیر پر خرچ کرتی ہے۔ دوسرے سال اسی رقم کا ایک تہائی حصہ خرچ کرتی ہے، جو 15000 کا 1/3 ہے۔ 15000 کا 1/3 5000 ہے۔ اس طرح دو سالوں میں کل خرچ کی گئی رقم 15000 + 5000 = 20000 ڈالر ہے۔
</reasoning>

<SOLUTION>20000 ڈالر</SOLUTION>",True
224,کارلوس اور بینجی ساحل پر ہیں۔ کارلوس 30 ڈالر فی گھنٹہ کے حساب سے ایک کینو اور بینجی 18 ڈالر فی گھنٹہ کے حساب سے ایک بنانا بوٹ رافٹ کرائے پر لیتا ہے۔ اگر کارلوس کشتی 3 گھنٹے اور بینجی رافٹ 5 گھنٹے استعمال کرتے ہیں، تو وہ دونوں ملا کر کرائے کی کل کتنی رقم ادا کریں گے؟,180,"<reasoning>
کارلوس کے لیے کینو کرائے کی اوسط قیمت 30 ڈالر فی گھنٹہ ہے اور وہ 3 گھنٹے استعمال کرتے ہیں۔ اس لیے کارلوس کی کرائے کی مجموعی رقم 30 × 3 = 90 ڈالر ہوگی۔

بنجی کے لیے رافٹ کرائے کی اوسط قیمت 18 ڈالر فی گھنٹہ ہے اور وہ 5 گھنٹے استعمال کرتے ہیں۔ اس لیے بنجی کی کرائے کی مجموعی رقم 18 × 5 = 90 ڈالر ہوگی۔

دونوں کی کرائے کی مجموعی رقم 90 + 90 = 180 ڈالر ہوگی۔
</reasoning>

<SOLUTION>180 ڈالر</SOLUTION>",True
225,اینڈریو نیو جرسی سے روچیسٹر تک سڑک کے سفر کا ارادہ رکھتا ہے۔ بس کے ذریعے سفر کرنے میں 6 دن لگتے ہیں اور کار کے ذریعے سفر کرنے میں آدھا وقت لگتا ہے۔ اگر وہ روچیسٹر جانے کے لیے بس کا استعمال کرے اور واپس آنے کے لیے کار کا استعمال کرے تو اس کے سفر میں کل کتنے دن لگیں گے؟,9,"<reasoning>
اینڈریو نیو جرسی سے روچیسٹر تک بس کے ذریعے سفر کرنے میں 6 دن لگتے ہیں۔ اور کار کے ذریعے سفر کرنے میں بس کے سفر کے وقت کا آدھا وقت لگتا ہے۔ یعنی کار کے ذریعے سفر کرنے میں 6 / 2 = 3 دن لگتے ہیں۔  
اگر وہ روچیسٹر جانے کے لیے بس کا استعمال کرے اور واپس آنے کے لیے کار کا استعمال کرے تو کل سفر کے لیے 6 + 3 = 9 دن لگیں گے۔
</reasoning>

<SOLUTION>9 دن</SOLUTION>",True
226,جیمز اپنے پوکیمون کارڈز گن رہا ہے۔ اس کے پاس 30 آگ والے، 20 گھاس والے، اور 40 پانی والے کارڈز ہیں۔ اگر اس کے 8 پانی والے کارڈ گُم ہو جائیں اور وہ 14 گھاس والے کارڈ خرید لے، تو اس بات کا کتنے فیصد امکان ہے (قریب ترین عدد میں) کہ بغیر دیکھے اٹھایا گیا ایک کارڈ پانی والا ہوگا؟,33,"<reasoning>
جیمز کے پاس ابتدائی طور پر 30 آگ والے، 20 گھاس والے، اور 40 پانی والے کارڈز ہیں۔

اگر 8 پانی والے کارڈ گم ہو جائیں تو باقی پانی والے کارڈز کی تعداد 40 - 8 = 32 ہو جائیں گے۔

اور وہ 14 گھاس والے کارڈ خرید لے تو گھاس والے کارڈز کی تعداد 20 + 14 = 34 ہو جائیں گے۔

کل کارڈز کی تعداد = 30 (آگ) + 34 (گھاس) + 32 (پانی) = 96

اب ہمیں پانی والے کارڈز کی تعداد (32) کو کل کارڈز کی تعداد (96) سے تقسیم کر کے فیصد کا حساب لگانا ہے:

$$
\frac{32}{96} \times 100 = 33.33\%
$$

قریب ترین عدد میں 33% ہوگا۔
</reasoning>

<SOLUTION>33%</SOLUTION>",True
227,چیڈ نے دوپہر کے کھانے کے لیے اپنی مرضی کا بوریٹو آرڈر کیا۔ بنیادی بوریٹو کی قیمت 6.50 ڈالر ہے۔ اس نے اضافی گوشت کے لیے 2.00 ڈالر، اضافی پنیر کے لیے 1.00 ڈالر، ایوکاڈو کے لیے 1.00 ڈالر اور دو ساسز کے لیے 0.25 ڈالر فی کس شامل کیے۔ اس نے اپنے کھانے کو 3.00 ڈالر کے عوض اپ گریڈ کرنے کا فیصلہ کیا، جس میں چپس اور ایک مشروب شامل ہوں گے۔ اس کے پاس 5.00 ڈالر کا گفٹ کارڈ ہے جسے وہ چیک آؤٹ پر استعمال کرتا ہے۔ اسے اب کتنی رقم ادا کرنی ہے؟,9,"<reasoning>
چیڈ کے کھانے کی مجموعی قیمت کا حساب لگائیں۔ بنیادی بوریٹو کی قیمت 6.50 ڈالر ہے۔ اس نے اضافی گوشت کے لیے 2.00 ڈالر، اضافی پنیر کے لیے 1.00 ڈالر، ایوکاڈو کے لیے 1.00 ڈالر اور دو ساسز کے لیے 0.25 ڈالر فی کس شامل کیے۔ دو ساسز کی مجموعی قیمت 0.25 × 2 = 0.50 ڈالر ہے۔

بنیادی بوریٹو + اضافی گوشت + اضافی پنیر + ایوکاڈو + ساسز = 6.50 + 2.00 + 1.00 + 1.00 + 0.50 = 11.00 ڈالر

چیڈ نے اپنے کھانے کو 3.00 ڈالر کے عوض اپ گریڈ کرنے کا فیصلہ کیا، جس میں چپس اور ایک مشروب شامل ہوں گے۔ اس کی مجموعی قیمت 11.00 + 3.00 = 14.00 ڈالر ہے۔

چیڈ کے پاس 5.00 ڈالر کا گفٹ کارڈ ہے جسے وہ استعمال کرتا ہے۔ اسے اب ادا کرنی ہوں گی 14.00 - 5.00 = 9.00 ڈالر۔
</reasoning>

<SOLUTION>9.00 ڈالر</SOLUTION>",True
228,کلندا اپنی ماں کے ساتھ 360 ٹکڑوں والی ایک پزل پر کام کر رہی ہے۔ کلندا عام طور پر ایک منٹ میں 4 ٹکڑے جوڑ سکتی ہے، جبکہ اس کی ماں کلندا کے مقابلے میں فی منٹ آدھے ٹکڑے رکھ سکتی ہے۔ اس پزل کو مکمل کرنے میں انہیں کتنے گھنٹے لگیں گے؟,1,"<reasoning>
کلندا اور اس کی ماں مل کر پزل کو مکمل کرنے میں کتنے گھنٹے لگیں گے، یہ پتہ لگانا ہے۔

کلندا فی منٹ 4 ٹکڑے جوڑ سکتی ہے۔  
اس کی ماں فی منٹ 2 ٹکڑے جوڑ سکتی ہے (کیونکہ اس کی ماں کلندا کے مقابلے میں آدھے ٹکڑے رکھ سکتی ہے)۔

دونوں مل کر فی منٹ کریں گے:  
4 + 2 = 6 ٹکڑے فی منٹ

کل ٹکڑے 360 ہیں۔  
تو 360 / 6 = 60 منٹ لگیں گے۔

60 منٹ = 1 گھنٹہ
</reasoning>

<SOLUTION>1 گھنٹہ</SOLUTION>",True
229,ایک تربوز کے فارم نے 120 چھوٹے تربوز پیدا کیے۔ ایشلن دو ماہ بعد فارم پر  گئی اور پتہ چلا کہ 30 فیصد تربوز کٹائی کے لیے تیار ہیں، اس لیے وہ انہیں گھر لے گئی۔ جب وہ دو ہفتے بعد واپس آئی تو باقی تربوز میں سے تین چوتھائی تیار تھے، لہٰذا اس نے وہ بھی توڑ لیے۔ دو ہفتوں کے بعد کتنے تربوز کٹائی کے لیے تیار نہیں تھے؟,21,"<reasoning>
ایک تربوز کے فارم نے 120 چھوٹے تربوز پیدا کیے۔  
اولیں دو ماہ بعد ایشلن فارم پر گئی اور پتہ چلا کہ 30 فیصد تربوز کٹائی کے لیے تیار ہیں۔  
30 فیصد 120 کا ہے:  
30/100 × 120 = 36  
اس لیے ایشلن نے 36 تربوز گھر لے گئی۔  
باقی تربوز = 120 - 36 = 84  

دو ہفتے بعد وہ واپس آئی اور باقی تربوز میں سے تین چوتھائی تیار تھے۔  
تین چوتھائی 84 کا ہے:  
3/4 × 84 = 63  
اس لیے ایشلن نے 63 تربوز توڑ لیے۔  
باقی تربوز = 84 - 63 = 21  

دو ہفتوں کے بعد 21 تربوز کٹائی کے لیے تیار نہیں تھے۔
</reasoning>

<SOLUTION>21 تربوز</SOLUTION>",True
230,"مارک اپنی کمپنی کے لیے 12 کاروں کا بیڑا خریدتا ہے۔ ہر کار کی قیمت 20,000 ڈالر ہے۔ وہ کاروں کی کل قیمت پر 10 فیصد ٹیکس ادا کرتا ہے اور پھر ہر ایک کی رجسٹریشن کے لیے مزید 1000 ڈالر دیتا ہے۔ وہ ان سب کے لیے کل کتنی رقم ادا کرتا ہے؟",276000,"<reasoning>
مارک 12 کاروں کا بیڑا خریدتا ہے۔ ہر کار کی قیمت 20,000 ڈالر ہے۔ اس لیے کاروں کی کل قیمت 12 × 20,000 = 240,000 ڈالر ہے۔  
اس کے بعد، وہ کاروں کی کل قیمت پر 10 فیصد ٹیکس ادا کرتا ہے۔ 10 فیصد ٹیکس 240,000 × 0.10 = 24,000 ڈالر ہے۔  
اس کے بعد، ہر کار کی رجسٹریشن کے لیے 1000 ڈالر دیتا ہے، اس لیے 12 کاروں کے لیے 12 × 1000 = 12,000 ڈالر ہے۔  
کل رقم = 240,000 + 24,000 + 12,000 = 276,000 ڈالر۔
</reasoning>

<SOLUTION>276,000 ڈالر</SOLUTION>",True
231,کائلی اور رابرٹ کو ساحل پر جا کر سیپیاں جمع کرنا پسند ہے۔ پیر کو، رابرٹ 20 سیپیاں جمع کرتا ہے، جبکہ کائلی اس سے 5 زیادہ سیپیاں جمع کرتی ہے۔ منگل کو، کائلی پیر کے مقابلے میں 2 گنا زیادہ سیپیاں جمع کرتی ہے۔ کائلی نے منگل کو کتنی سیپیاں جمع کیں؟,50,"<reasoning>
پیر کو، رابرٹ 20 سیپیاں جمع کرتا ہے۔ کائلی اس سے 5 زیادہ سیپیاں جمع کرتی ہے، یعنی 20 + 5 = 25 سیپیاں۔  
منگل کو، کائلی پیر کے مقابلے میں 2 گنا زیادہ سیپیاں جمع کرتی ہے، یعنی 25 × 2 = 50 سیپیاں۔  
ایسی طرح کائلی نے منگل کو 50 سیپیاں جمع کیں۔
</reasoning>

<SOLUTION>50</SOLUTION>",True
232,ڈیکس اپنے فارم پر کچھ سیب توڑنے گیا اور اسے باغ میں چیونٹیوں کے مقابلے میں آدھی تعداد میں کیڑے ملے۔ اگر وہاں 50 چیونٹیاں تھیں، تو باغ میں موجود کیڑے مکوڑوں کی کل تعداد کا حساب لگائیں۔,75,"<reasoning>
ڈیکس نے فارم پر کچھ سیب توڑنے کے لیے جانے کا فیصلہ کیا۔ اس کے فارم پر 50 چیونٹیاں تھیں۔ اور اس کے فارم پر چیونٹیوں کے مقابلے میں آدھی تعداد میں کیڑے ملے۔ یعنی کیڑے چیونٹیوں کی آدھی تعداد ہیں۔

چیونٹیوں کی تعداد = 50  
کیڑے کی تعداد = 50 × 1/2 = 25

کل کیڑے اور چیونٹیوں کی تعداد = 50 + 25 = 75
</reasoning>

<SOLUTION>75</SOLUTION>",True
233,برف میں 36 پینگوئن دھوپ سینک رہے ہیں۔ ان میں سے ایک تہائی سمندر میں چھلانگ لگا کر تیرنے لگتے ہیں۔ مزید ایک تہائی رات کا کھانا کھانے کے لیے غار میں چلے جاتے ہیں۔ اب کتنے پینگوئن ابھی بھی دھوپ سینک رہے ہیں؟,12,"<reasoning>
شروع میں 36 پینگوئن دھوپ سینک رہے ہیں۔ ان میں سے ایک تہائی (36 کی ایک تہائی) سمندر میں چھلانگ لگا کر تیرنے لگتے ہیں۔ 36 کی ایک تہائی 12 ہے۔ اس طرح 36 - 12 = 24 پینگوئن باقی ہیں۔

پھر مزید ایک تہائی (24 کی ایک تہائی) رات کا کھانا کھانے کے لیے غار میں چلے جاتے ہیں۔ 24 کی ایک تہائی 8 ہے۔ اس طرح 24 - 8 = 16 پینگوئن باقی ہیں۔

اپنے آخری جواب میں 16 پینگوئن ابھی بھی دھوپ سینک رہے ہیں۔
</reasoning>

<SOLUTION>16 پینگوئن</SOLUTION>",False
234,اسٹیو نے زیادہ ٹماٹر کھانے کا فیصلہ کیا اور اپنے چیری ٹماٹر خود اگانے کا ارادہ کیا۔ وہ اپنی گرل فرینڈ سے دوگنا کھاتا ہے۔ وہ روزانہ 6 ٹماٹر کھاتا ہے۔ اگر ایک بیل ایک ہفتے میں 3 ٹماٹر پیدا کر سکتی ہے تو اسے کتنی بیلوں کی ضرورت ہوگی؟,21,"<reasoning>
اگر اسٹیو روزانہ 6 ٹماٹر کھاتا ہے اور وہ اپنی گرل فرینڈ سے دوگنا کھاتا ہے، تو اس کی گرل فرینڈ روزانہ 3 ٹماٹر کھاتی ہے۔ اس طرح دونوں مل کر روزانہ 6 + 3 = 9 ٹماٹر کھاتے ہیں۔

ایک ہفتے میں 7 دن ہوتے ہیں، اس لیے ہفتہ بھر میں 9 × 7 = 63 ٹماٹر کھانے ہوتے ہیں۔

اگر ایک بیل ایک ہفتے میں 3 ٹماٹر پیدا کر سکتی ہے، تو 63 ٹماٹر کے لیے ضرورت ہوگی 63 ÷ 3 = 21 بیلیں۔
</reasoning>

<SOLUTION>21 بیلیں</SOLUTION>",True
235,جان اپنے دوستوں کے ساتھ بانٹنے کے لیے کچھ پیزا آرڈر کرتا ہے۔ اس کے کل 20 دوست ہیں، اور جان یہ یقینی بنانا چاہتا ہے کہ ہر ایک کو 4 سلائس ملیں۔ پیزا صرف 8 حصوں میں کٹے ہوئے فروخت ہوتے ہیں۔ جان کو کتنے پیزا آرڈر کرنے کی ضرورت ہے؟,10,"<reasoning>
جان کے 20 دوستوں کے ہر ایک کو 4 سلائس پیزا ملنا چاہیے۔ اس لیے کل سلائس کی ضرورت ہوگی:  
20 دوست × 4 سلائس = 80 سلائس  

پیزا 8 حصوں میں کٹے ہوتے ہیں، اس لیے ہر پیزا سے 8 سلائس مل سکتے ہیں۔ جان کو کتنے پیزا کرنے ہوں گے:  
80 سلائس ÷ 8 سلائس = 10 پیزا  

یہ یقینی بناتا ہے کہ ہر دوست کو 4 سلائس مل جائیں گے۔
</reasoning>

<SOLUTION>10 پیزا</SOLUTION>",True
236,رام بہت سارے قلم استعمال کرتا ہے۔ اسے معلوم ہوا کہ وہ پانچ خالی قلموں کی سیاہی ملا کر ایک مکمل قلم بنا سکتا ہے اور اس طرح پیسے بچا سکتا ہے۔ اگر وہ 25 قلم خریدتا ہے اور پھر سیاہی ختم ہونے پر انہیں نئے قلم بنانے کے لیے استعمال کرتا ہے، تو اس کے پاس کل کتنے قلم ہوں گے؟,31,"<reasoning>
رام 25 قلم خریدتا ہے۔ ہر 5 خالی قلموں کی سیاہی سے ایک نیا قلم بنایا جا سکتا ہے۔ یہ یہ ہے کہ ہر 5 خالی قلموں سے ایک نیا قلم بنایا جا سکتا ہے۔

25 قلم خریدنے کے بعد، رام کے پاس 25 خالی قلم ہوں گے۔

25 خالی قلموں سے 5 قلم بنائے جا سکتے ہیں (کیونکہ 25 ÷ 5 = 5)۔

اب رام کے پاس 5 نئے قلم ہوں گے۔ یہ 5 قلم استعمال کرکے 1 خالی قلم بنائے گا (کیونکہ 5 ÷ 5 = 1)۔

اب رام کے پاس 1 خالی قلم ہے۔

کل قلموں کی تعداد = اصل 25 قلم + 5 نئے قلم = 30 قلم۔
</reasoning>

<SOLUTION>30 قلم</SOLUTION>",False
237,جانی نے اپنا 20 ڈالر کا الاؤنس لیا اور اس میں اضافی 10 ڈالر شامل کیے۔ پھر اس نے اس رقم کی سرمایہ کاری کی، جو ایک سال میں تین گنا ہو گئی۔ ایک سال کے بعد اس کے پاس کتنی رقم تھی؟,90,"<reasoning>
جانی نے پہلے 20 ڈالر کا الاؤنس لیا۔ پھر اس نے اس میں اضافی 10 ڈالر شامل کیے، جس کی کل رقم 20 + 10 = 30 ڈالر ہو گئی۔ اس نے اس رقم کو سرمایہ کاری کی، جو ایک سال میں تین گنا ہو گئی۔ اس کی اب کی رقم 30 × 3 = 90 ڈالر ہو گئی۔
</reasoning>

<SOLUTION>90 ڈالر</SOLUTION>",True
238,میری، جوان سے دو سال چھوٹی ہے، جو جیسہ سے پانچ سال بڑی ہے۔ اگر جیسہ کی عمر 20 سال ہے، تو تینوں لڑکیوں کی عمروں کا مجموعہ کیا ہوگا؟,68,"<reasoning>
ہمیں دی گئی معلومات کے مطابق:

- جیسہ کی عمر 20 سال ہے۔
- جوان جیسہ سے پانچ سال بڑی ہے، اس لیے جوان کی عمر 20 + 5 = 25 سال ہے۔
- میری جوان سے دو سال چھوٹی ہے، اس لیے میری کی عمر 25 - 2 = 23 سال ہے۔

اب ہم تینوں لڑکیوں کی عمر کا مجموعہ پتہ کریں گے:
- جیسہ = 20 سال
- جوان = 25 سال
- میری = 23 سال

مجموعہ = 20 + 25 + 23 = 68 سال
</reasoning>

<SOLUTION>68 سال</SOLUTION>",True
239,ایک اسکول ہال میں طلباء کی تعداد 1000 تھی۔ ہال میں تین دروازے A، B اور C تھے جو داخلے اور باہر نکلنے کے لیے استعمال ہوتے تھے۔ اگر میٹنگ کے بعد 30 فیصد طلباء دروازہ A سے باہر نکلے، تو باقی رہ جانے والوں میں سے 3/5 دروازہ B سے باہر نکلے، اور جو باقی بچے وہ دروازہ C سے باہر نکلے۔ معلوم کریں کہ دروازہ C سے کتنے طلباء باہر نکلے۔,280,"<reasoning>
پہلے ہم یہ پتہ لگائیں گے کہ میٹنگ کے بعد کتنے طلباء دروازہ A سے باہر نکلے۔

کل طلباء کی تعداد = 1000  
دروازہ A سے باہر نکلنے والے طلباء = 30% × 1000 = 300

باقی رہ جانے والے طلباء = 1000 - 300 = 700

باقی رہ جانے والوں میں سے 3/5 دروازہ B سے باہر نکلے۔  
دروازہ B سے باہر نکلنے والے طلباء = 3/5 × 700 = 420

باقی رہ جانے والے طلباء = 700 - 420 = 280

یہ 280 طلباء دروازہ C سے باہر نکلے۔
</reasoning>

<SOLUTION>280</SOLUTION>",True
240,جیمز کے پاس رابرٹ سے 6 زیادہ کینڈیز ہیں۔ جان کے پاس رابرٹ سے دوگنا کینڈیز ہیں۔ اگر جان کے پاس 54 کینڈیز ہیں تو جان کے پاس جیمز سے کتنی زیادہ کینڈیز ہیں؟,21,"<reasoning>
جیمز کے پاس رابرٹ سے 6 زیادہ کینڈیز ہیں۔ جان کے پاس رابرٹ سے دوگنا کینڈیز ہیں۔ جان کے پاس 54 کینڈیز ہیں۔

جان کے پاس 54 کینڈیز ہیں، جو رابرٹ کے پاس کینڈیز کی دوگنی ہیں۔ اس لیے رابرٹ کے پاس کینڈیز کی تعداد 54 / 2 = 27 ہے۔

جیمز کے پاس رابرٹ سے 6 زیادہ کینڈیز ہیں، اس لیے جیمز کے پاس 27 + 6 = 33 کینڈیز ہیں۔

جان کے پاس 54 کینڈیز ہیں اور جیمز کے پاس 33 کینڈیز ہیں، اس لیے جان کے پاس جیمز سے 54 - 33 = 21 کینڈیز زیادہ ہیں۔
</reasoning>

<SOLUTION>21</SOLUTION>",True
241,ڈولی کے پاس دو کتابیں ہیں اور پنڈورا کے پاس ایک۔ اگر دونوں ایک دوسرے کی کتابیں بھی پڑھیں اور اپنی بھی، تو آخر میں وہ مل کر کل کتنی کتابیں پڑھ لیں گی؟,6,"<reasoning>
ڈولی کے پاس دو کتابیں ہیں اور پنڈورا کے پاس ایک کتاب ہے۔ اگر دونوں ایک دوسرے کی کتابیں بھی پڑھیں اور اپنی بھی، تو ڈولی نے دو کتابیں پڑھیں گی اور پنڈورا نے ایک کتاب پڑھی۔ اس طرح کل کتابیں 2 + 1 = 3 ہوں گی۔
</reasoning>

<SOLUTION>3 کتابیں</SOLUTION>",False
242,مائیک کے پانچ قلمی دوست تھے۔ اس نے ان میں سے دو کے ساتھ قلمی دوستی ختم کر دی۔ باقی دوست ہر ہفتے اسے 2 خط بھیجتے ہیں، اور ہر خط 5 صفحات پر مشتمل ہوتا ہے۔ وہ بھی اسی طرح جواب دیتا ہے۔ وہ ہر 6 منٹ میں ایک صفحہ لکھ سکتا ہے۔ وہ ایک ہفتے میں لکھنے پر کتنے گھنٹے صرف کرتا ہے؟,3,"<reasoning>
مائیک کے پانچ قلمی دوست تھے اور اس نے دو کے ساتھ دوستی ختم کر دی، اس لیے اب اس کے دو دوست ہیں۔  
ہر دوست ہر ہفتے اسے 2 خط بھیجتے ہیں، اس لیے 2 دوست × 2 خط = 4 خط۔  
ہر خط 5 صفحات پر مشتمل ہوتا ہے، اس لیے 4 خط × 5 صفحات = 20 صفحات۔  
مائیک ہر 6 منٹ میں ایک صفحہ لکھ سکتا ہے، اس لیے 20 صفحات × 6 منٹ = 120 منٹ۔  
120 منٹ = 2 گھنٹے۔  
</reasoning>

<SOLUTION>2 گھنٹے</SOLUTION>",False
243,جیسن کے پاس ماہانہ 1000 منٹ کا فون پلان ہے۔ ہر روز وہ اپنے باس سے 15 منٹ کی کال کرتا ہے، اور اس مہینے اس نے دوسرے لوگوں کے ساتھ 300 اضافی منٹ کی بات کی ہے۔ اگر اس مہینے میں 30 دن ہیں، تو جیسن کے پاس کتنے منٹ باقی ہیں؟,250,"<reasoning>
جیسن کے پاس مہینے کے لیے 1000 منٹ کا فون پلان ہے۔  
وہ ہر روز اپنے باس سے 15 منٹ کی کال کرتا ہے۔ مہینے میں 30 دن ہیں، تو 30 × 15 = 450 منٹ وہ باس کے ساتھ کرتا ہے۔  
اس کے علاوہ وہ دوسرے لوگوں کے ساتھ 300 اضافی منٹ کی بات کرتا ہے۔  
کل استعمال کیے گئے منٹ = 450 + 300 = 750 منٹ۔  
باقی منٹ = 1000 - 750 = 250 منٹ۔
</reasoning>

<SOLUTION>250 منٹ</SOLUTION>",True
244,گریفن کے پاس 24 فرنچ فرائز تھے، لیکن کائل نے ان میں سے 5 لے لیے۔ بلی نے کائل سے دوگنا فرائز لیے۔ جنجر نے گرفن کو مٹھی بھر فرائز دیے، اور پھر کولبی نے گریفن سے کائل کے لیے لیے گئے فرائز کی تعداد سے 3 کم فرائز لیے۔ اگر آخر میں گریفن کے پاس 27 فرائز تھے، تو جنجر نے گریفن کو کتنے فرائز دیے؟,20,"<reasoning>
ہمیں گریفن کے پاس آخر میں 27 فرنچ فرائز تھے۔ ہمیں یہ پتہ چلنا چاہیے کہ جنجر نے گریفن کو کتنے فرائز دیے۔

1. ابتدائی طور پر گریفن کے پاس 24 فرائز تھے۔
2. کائل نے 5 فرائز لے لیے۔ اب گریفن کے پاس 24 - 5 = 19 فرائز باقی ہیں۔
3. بلی نے کائل سے دوگنا فرائز لیے، یعنی 5 × 2 = 10 فرائز۔ اب گریفن کے پاس 19 - 10 = 9 فرائز باقی ہیں۔
4. جنجر نے گریفن کو مٹھی بھر فرائز دیے، ہمیں اس کی تعداد نہیں معلوم ہے۔ اسے x کہیں۔
5. اب گریفن کے پاس 9 + x فرائز ہیں۔
6. کولبی نے گریفن سے کائل کے لیے لیے گئے فرائز کی تعداد سے 3 کم فرائز لیے۔ کائل کے لیے لیے گئے فرائز کی تعداد 5 تھی، اس لیے کولبی نے 5 - 3 = 2 فرائز لیے۔
7. اب گریفن کے پاس 9 + x - 2 = 27 فرائز ہیں۔
8. 9 + x - 2 = 27
9. 7 + x = 27
10. x = 27 - 7 = 20

جنجر نے گریفن کو 20 فرائز دیے۔
</reasoning>

<SOLUTION>20</SOLUTION>",True
245,ایک ایکویریم میں 4 گھونگھے ہیں اور دوسرے ایکویریم میں 32 گھونگھے ہیں۔ دونوں ایکویریموں میں گھونگھوں کی تعداد کا فرق، ان میں موجود مچھلیوں کی کل تعداد کا دوگنا ہے۔ اگر دونوں ایکویریموں میں مچھلیوں کی تعداد برابر ہو، تو ہر ایکویریم میں کتنی مچھلیاں ہیں؟,7,"<reasoning>
ایکویریم میں گھونگھوں کی تعداد کا فرق یہ ہے: 32 - 4 = 28۔  
اس فرق کا دوگنا ہے ہر ایکویریم میں موجود مچھلیوں کی کل تعداد۔  
یعنی مچھلیوں کی کل تعداد 28 / 2 = 14 ہے۔  
اگر دونوں ایکویریموں میں مچھلیوں کی تعداد برابر ہو تو ہر ایکویریم میں 14 مچھلیاں ہوں گی۔
</reasoning>

<SOLUTION>14</SOLUTION>",False
246,جین کی میک اپ آرٹسٹ اس سے 250 ڈالر فی گھنٹہ وصول کرتی ہے۔ اسے ایک فلم کے لیے بہت مہنگے میک اپ کی ضرورت ہے، جس میں وہ شامل ہے، اور ہر روز اس میں 6 گھنٹے لگتے ہیں اور اسے یہ میک اپ ہفتے میں 4 بار کروانا ہوتا ہے۔ فلم مکمل ہونے میں 5 ہفتے لگتے ہیں۔ فلم مکمل ہونے کے بعد، میک اپ آرٹسٹ جین کو اس کے کام کی وجہ سے 10 فیصد رعایت دیتی ہے۔ جین نے کل کتنی رقم ادا کی؟,27000,"<reasoning>
جین کی میک اپ آرٹسٹ اس سے 250 ڈالر فی گھنٹہ وصول کرتی ہے۔  
ہر روز 6 گھنٹے لگتے ہیں اور ہفتے میں 4 بار کروانا ہوتا ہے۔  
فلم مکمل ہونے میں 5 ہفتے لگتے ہیں۔  
کل کام کے گھنٹے = 6 گھنٹے/ری 4 ری/ہفتہ × 5 ہفتے = 120 گھنٹے  
کل رقم = 120 گھنٹے × 250 ڈالر = 30,000 ڈالر  
فلم مکمل ہونے کے بعد 10 فیصد رعایت دی جاتی ہے۔  
10 فیصد رعایت = 30,000 × 10% = 3,000 ڈالر  
جین نے ادا کی رقم = 30,000 - 3,000 = 27,000 ڈالر
</reasoning>

<SOLUTION>27,000 ڈالر</SOLUTION>",True
247,ایزابیل نے اپنی چھوٹی بہن کی سالگرہ کی پارٹی کے لیے سامان خریدا۔ اس نے کیک کے اجزاء پر 12 ڈالر، سالگرہ کے تحائف پر 43 ڈالر، سجاوٹ پر 15 ڈالر، دعوت ناموں پر 4 ڈالر، اور پارٹی کے مہمانوں کے لیے گڈی بیگز پر 22 ڈالر خرچ کیے۔ اس نے یہ کل خرچ اپنے والدین کے ساتھ تین برابر حصوں میں تقسیم کیا۔ ہر شخص نے کتنے ڈالر ادا کیے؟,32,"<reasoning>
ایزابیل نے کیک کے اجزاء پر 12 ڈالر، سالگرہ کے تحائف پر 43 ڈالر، سجاوٹ پر 15 ڈالر، دعوت ناموں پر 4 ڈالر، اور گڈی بیگز پر 22 ڈالر خرچ کیے۔ ہم پہلے کل خرچ کرنے والی رقم کا حساب لگائیں:

12 + 43 + 15 + 4 + 22 = 96 ڈالر

ایزابیل نے اس رقم کو اپنے والدین کے ساتھ تین برابر حصوں میں تقسیم کیا۔ یعنی 3 افراد میں تقسیم کیا گیا۔ ہم 96 کو 3 سے تقسیم کریں گے:

96 ÷ 3 = 32 ڈالر

ہر شخص نے 32 ڈالر ادا کیے۔
</reasoning>

<SOLUTION>32 ڈالر</SOLUTION>",True
248,ایک باورچی نے پیاز کے 4 تھیلے خریدے۔ ہر تھیلے کا وزن 50 پاؤنڈ ہے۔ ایک پاؤنڈ پیاز کی قیمت 1.50 ڈالر ہے۔ باورچی نے کتنا خرچ کیا؟,300,"<reasoning>
باورچی نے 4 تھیلے پیاز خریدے ہیں۔ ہر تھیلے کا وزن 50 پاؤنڈ ہے۔ پس کل وزن 4 × 50 = 200 پاؤنڈ ہے۔ ایک پاؤنڈ پیاز کی قیمت 1.50 ڈالر ہے۔ پس کل خرچ 200 × 1.50 = 300 ڈالر ہے۔
</reasoning>

<SOLUTION>300 ڈالر</SOLUTION>",True
249,پیر کو سو نے اپنی بہن سے 4 گنا زیادہ کوکیز کھائیں۔ نگل کو، اس نے اپنی بہن سے دگنی کوکیز کھائیں۔ اس کی بہن نے پیر کو 5 کوکیز اور اگلے دن 13 کوکیز کھائیں۔ اگر ایک کوکی میں 200 کیلوریز ہیں، تو سو نے اپنی بہن سے کتنی زیادہ کیلوریز کھائیں؟,5600,"<reasoning>
پیر کو سو نے اپنی بہن سے 4 گنا زیادہ کوکیز کھائیں۔ اس کی بہن نے پیر کو 5 کوکیز کھائیں، تو سو نے 5 × 4 = 20 کوکیز کھائیں۔

اگلے دن (منگل) سو نے اپنی بہن سے دگنی کوکیز کھائیں۔ اس کی بہن نے 13 کوکیز کھائیں، تو سو نے 13 × 2 = 26 کوکیز کھائیں۔

کل کوکیز کھائی گئیں:  
سو کی کل کوکیز = 20 + 26 = 46  
بہن کی کل کوکیز = 5 + 13 = 18  

کل کیلوریز کھائی گئیں:  
سو کی کل کیلوریز = 46 × 200 = 9200  
بہن کی کل کیلوریز = 18 × 200 = 3600  

سو نے بہن سے زیادہ کیلوریز کھائیں = 9200 - 3600 = 5600
</reasoning>

<SOLUTION>5600 کیلوریز</SOLUTION>",True
